,accession,start,end,sequence
0,NC_001604,214,269,AAGATAGGCGTTGACTTGATGGGTCTTTAGGTGTAGGCTTTAGGTGTTGGCTTTAG
1,NC_001604,3068,3123,GATAAGCAACTTGACGCAATGTTAATGGGCTGATAGTCTTATCTTACAGGTCATCT
2,NC_001604,452,508,AAAAAGAGTATTGACTTAAAGTCTAACCTATAGGATACTTACAGCCATCGAGAGGGA
3,NC_001604,579,636,AAAACAGGTATTGACAACATGAAGTAACATGCAGTAAGATACAAATCGCTAGGTAACA
4,NC_001604,704,760,AACAAAACGGTTGACAACATGAAGTAAACACGGTACGATGTACCACATGAAACGACA
5,NC_001604,21838,21875,GCCGGGAATTTAATACGACTCACTATAGGGAGACCTCA
6,NC_001604,22877,22914,ACTTCGAAATTAATACGACTCACTATAGGGAGACCACA
7,NC_001604,378,415,TTGTCTTTATTAATACAACTCACTATAAGGAGAGACAA
8,NC_001604,5821,5858,AACGCCAAATCAATACGACTCACTATAGAGGGACAAAC
9,NC_001604,5896,5933,TTCTTCCGGTTAATACGACTCACTATAGGAGAACCTTA
10,NC_001604,6382,6419,GGACTGGAAGTAATACGACTCAGTATAGGGACAATGCT
11,NC_001604,7751,7788,AGTTAACTGGTAATACGACTCACTAAAGGAGGTACACA
12,NC_001604,7868,7905,TGGTCACGCTTAATACGACTCACTAAAGGAGACACTAT
13,NC_001604,9080,9117,AGCACCGAAGTAATACGACTCACTATTAGGGAAGACTC
14,NC_001604,11153,11190,CGTGGATAATTAATTGAACTCACTAAAGGGAGACCACA
15,NC_001604,12644,12681,CCGACTGAGACAATCCGACTCACTAAAGAGAGAGATTA
16,NC_001604,13314,13351,AGTCCCATTCTAATACGACTCACTAAAGGAGACACACC
17,NC_001604,13888,13925,TTCATGAATACTATTCGACTCACTATAGGAGATATTAC
18,NC_001604,18518,18555,GTCCCTAAATTAATACGACTCACTATAGGGAGATAGGG
19,NC_001604,27247,27284,GGCTCGAAATTAATACGACTCACTATAGGGAGAACAAT
20,NC_001604,34539,34576,GCGTAGGAAATAATACGACTCACTATAGGGAGAGGCGA
21,NC_001604,39202,39239,CACGATAAATTAATACGACTCACTATAGGGAGAGGAGG
22,NC_001604,36892,36939,AATCTGAAAGTTAACGGGAGGCATTATGCTAGAATTTTTACGTAAGCT
23,NC_001604,1468,1516,TGATTATCACTTTACTTATGAGGGAGTAATGTATATGCTTACTATCGGT
24,NC_005856,94,139,ACTTGATCATTTGATCAAGGTTGCGCTACGTAAAATCTGTGAAAAA
25,NC_005856,6916,6962,AGATCTATTTTTGAAATAACAAAAAAAAGGATACAGGAGGTATTTAA
26,NC_005856,273,322,GCAAAAGGGTTTGATCGTGATAGTTGCCAACTGTCATTATCGCGCGGTGA
27,NC_005856,390,434,GAGCCGATCCTGTACACTTTACTTAAAACCATTATCTGAGTGTTA
28,NC_005856,6881,6929,CAGGAGGTATTTAAAAAAAGCACAACCACAAGTGATAATGCGGCTAAAA
29,NC_005856,9639,9687,CATATAGATAGTGATAGTGCCACAACTTCTGGCTCTAACGGGCTGGGGA
30,NC_005856,9737,9785,ATCATAGATAATGCATTGCTTCTCAATGCGGATTAAACTTCCCCAAATT
31,NC_005856,10042,10090,CTGCCAGTCCCTGAAGAAGTTGACGACCAGGACTATGAGTTTGAGTCTT
32,NC_005856,10211,10259,AATTAAAAAATTATTACTGGAGCGCGGTTATGGTAATTTCGGTCGTCTC
33,NC_005856,10356,10402,AAAACATATCTTGAGGCGGTACTGCGTACGGCATTGTTAGGAAAGAC
34,NC_005856,20976,21031,TGCAAATCACTTGTTAGCTACGTTTCAAAGATATACATTATTGCTCTAATTAATTT
35,NC_005856,48145,48193,TCTAATAAATTTGTATTTTTAAGTCGCGAATGCTATCTTTTCGCATCAT
36,NC_005856,48185,48233,TCGCATCATATTGACCTTTTAATCGTTCAGGCTTATAGTTCCACCGTCG
37,NC_005856,49782,49838,CAACCCGATCTGGATCGGGTCAGAAAAATTTGCTCTAATAAATTTCGTTTTCTAAGT
38,NC_005856,49905,49961,GGTTGAAGGATCGACATTTTGATGAAGGTTTGATATATTCATATCCGCATTGAATGT
39,NC_005856,51893,51940,AATCTAAAACCTGATTTCGAAATCAAGTGGACTAAAGTATCTGCGTCC
40,NC_005856,53425,53477,TACAACTGGATTGAGTGGGATTAAGAGTCATCCCTTGTATTTTAAAGCTCCTT
41,NC_005856,60024,60079,ATTGCCGCGGAAGATTTTGCTAAAGCAGTTTTTGACCGTATTGAATTTATCAGATC
42,NC_005856,61258,61306,GAGAATGCTATGTACAAGCATCTACGCATACATTATTATTTTATGCAGC
43,NC_005856,62694,62743,TGCTGACGGGTTGCTAATGTGTGCTGGCGGGATATAGGATGTGTGTTGAC
44,NC_005856,65151,65200,CTAATAAATATTGTTTTTTATGTCGTGTTTTCGGTACCATTCAGCCATCG
45,NC_005856,68658,68713,TTTGGGTATATTGCTCTAATAAATTTATTAGTGTAATATCGCCTCAATGAATCGTG
46,NC_005856,84299,84347,CTAATAAATCTTGATTTTTAAAACAGAGAAAGTGAAAATAAAAACATGC
47,NC_005856,87976,88024,TGCAAAGTGCTGGTGCTTTATGCCTGTGAAGTTTATAATTGTGTACACA
48,NC_005856,89908,89963,CTCTAATGTATTGCTATTTCTTTAATCGAGGGTATTATATTCCACGTTGATTAGTT
49,NC_005856,94132,94189,CACTAATAAATCTATTATTTTCGTTGGATCCTTCTATAATGGTGGCCAACAACTCCCA
50,NC_005856,94617,94673,TCATAGTTGTTTGACAATTGCTCTAATAAATTATAGTTTTGCCGCCGTTTCGTAATA
51,NC_005856,94730,94787,CTAATAATTCTTGATTTTTATGCGCAGCTGGACGTAAACTCCTCTTCAGACCTAATAA
52,NC_005856,2668,2706,GACAACTGACAAGTGACTTCAGTCAGAATCATCACACGC
53,NC_005856,78485,78523,ATTCTACCGCTAGTCATTTGTTGAATATTTAACTCAATA
54,NC_005856,86511,86554,AAAAAATTAAAAGTTACTTTGCTGGTTAAATAATAGTCGTTACT
55,NC_005856,90465,90503,GCCTTTTGACATGTGACTTTCGTTACCCTCGCGTCAAAA
56,NC_005856,20952,20997,CGTAGCTAACAAGTGATTTGCATTATCCTGTGTCTTCTAAAGGGAT
57,NC_005856,31193,31240,ACCGGTTGAGAAGTTACTTTGCATACCATTACCTCCTGACAACGTAGG
58,NC_005856,38300,38346,GCGGGGTGACAAGTTACTTATCTTACAATGAGGCTTCACAACATTGA
59,NC_005856,46598,46636,CTCAATGAACAAATGACTACTCGTAGAATCGGTTAACAC
60,NC_005856,78475,78513,AATATTCAACAAATGACTAGCGGTAGAATCACCATCATC
61,NC_005856,31,78,TGCTAAGGTATTGAACTGTATGGATTTACAGGTAAATTGATCATATTC
62,NC_005856,1384,1435,AATGTAAATATTGTCATGAACTATATCCGTAACCTGGATAGTGAAACAGGGG
63,NC_005856,1947,1995,AACAAAATATCTATCATTGCTCTAATTGATTGCTATAATTGAGCCGCAG
64,NC_005856,2007,2054,TACGAAGACGTTGCCATTACTTCACTCCTTGACATCATTGGCGGCCAT
65,NC_005856,2656,2706,TGATAAATGATTGACAACTGACAAGTGACTTCAGTCAGAATCATCACACGC
66,NC_005856,6548,6596,GATGAAGATTTTGCCCCAAACAAAGTCGTGTTTTATGGTTGTAACTTTG
67,NC_005856,17282,17332,CGTGATTTTATTGTCTGCCAAGATTGCACCTTAATTAGAATAATTCACATC
68,NC_005856,21010,21058,ACATTATTGCTCTAATTAATTTATTTTATTAGGTAAGATAAGTGGCACA
69,NC_005856,21034,21080,GATGACTTTGTTTACACCGCGTTGTGCCACTTATCTTACCTAATAAA
70,NC_005856,23409,23457,CAATGATGGTTAGACAAGCAAGATAGGGCGAATTAAAATTAATCAAGAG
71,NC_005856,23418,23464,AAAGTGACTCTTGATTAATTTTAATTCGCCCTATCTTGCTTGTCTAA
72,NC_005856,31528,31574,CACATAACTATTTCCTTAATAGTGAATTAAATATCATTGGGAAACGG
73,NC_005856,31579,31631,TACTTTGTGATTTCCACACATACTGGTTTTTGTTAATTAAAATCCGCAGCTTG
74,NC_005856,31650,31697,TGTTCATTTGTTGATACGCGTACATAGCCTATTAGCATATTTTCTGCT
75,NC_005856,46744,46792,AAAATAGTGTTTGAAAGGATAGTCAATTTAAGTTTTAACACAACGCCCA
76,NC_005856,46825,46872,CAACAATTCGTTGATGTAATGGAAGGATTTGATAGCATCATGTATAAA
77,NC_005856,46960,47008,CAAATATATATTCACAAATCAAGATCCTGTTCAGATGATGAATTTTATA
78,NC_005856,48032,48080,TGTACCCTAAATGAGTTATAAGGCAGGTGAGGTTATAATGAGAAAACTA
79,NC_005856,48098,48144,GCATTATTTGTTTAATAAATACACAGTTGGATCTAATAACCTCTTTT
80,NC_005856,50456,50504,AAACTATCTCTTCACCTGGTTGCGTGATAACGGAATTCTGATCGCAACC
81,NC_005856,51675,51723,CGCCCCATTATTGCAATTAATAAACAACTAACGGACAATTCTACCTAAC
82,NC_005856,51852,51900,AAAAAATTGCTAGAGACATCAAGGAATTAAAATTAAAACACAATCTAAA
83,NC_005856,51935,51981,GCGTCCAAAGTTGAATTTTACTTAGATGTCGTAGATTACTTCTTCAG
84,NC_005856,52160,52210,ATTGAAAAAATTGAGAAATTAAGAGGGGTTCTTCACAATGATCGCTATGAT
85,NC_005856,52973,53021,TAGCTAGCTATTGAAAAGCTAAAGTAGATCGGTTAGATTTGCATTACTC
86,NC_005856,53531,53579,GCTACAACAATTGAAATGTTGGACTGCAAAATCTACAGTGATGCAATCG
87,NC_005856,58820,58872,AAAAAATTGCTTGTCACGAGAAAGTCAACAAGTGACTTTCAATAAAATCTCTT
88,NC_005856,58929,58976,TATTAACTGACTGTTTTTAAAGTAAATTACTCTAAAATTTCAAGGTGA
89,NC_005856,63974,64020,GATTCTGTTCTTGATGAATTAAACAAAGCGGCACAGTAACAAAGGAC
90,NC_005856,64190,64239,GAACAACAAGTTGAAGCACTGAAGGAAGCTACTGAACAATTTGGTGCTTT
91,NC_005856,70213,70259,GAATTTCTTTTTGAGAATGCCGAGCATTTATTAACCTCATTACTGGT
92,NC_005856,70244,70292,TTCCATCTTCTTGACTCCGCCAGCCGCTTTGCGGAATTTCTTTTTGAGA
93,NC_005856,72012,72059,GTTTTTAGCCTTGAGATGCCGAGCCACCAGCTGATGATGCGCTCACTG
94,NC_005856,72396,72448,AATCGATCGCTTGAACAGCGTGCGGACAAACGACCGGTAAATTCAGATTTACG
95,NC_005856,78495,78542,TAGTCATTTGTTGAATATTTAACTCAATAAAAGAAAATTATTAGTGCA
96,NC_005856,78528,78575,AAAATTATTAGTGCAATTTTGATTGTGAAATGTATCATTCTGCCCTTA
97,NC_005856,78806,78854,AACATAATCAGTCAAATCCTGCCGGTCGCATGCCATATTTACGCTGTTT
98,NC_005856,79386,79432,TGAGCATGTATTGAACGGCGATAAGTGGTTGTATGCTGCTTAAAATA
99,NC_005856,82143,82191,CAGAATAATATTGCTCTAATAATTCCATATTTTTAAAACGTGATGTACA
100,NC_005856,68641,68692,GGTGTAGCTCATGACGTTTTGGGTATATTGCTCTAATAAATTTATTAGTGTA
101,NC_005856,83967,84014,ACTCCAGTTATTGATATGGTGCGCCAGTTATTTAACGTTTACACGGTC
102,NC_005856,84284,84332,TCAACAATAATTGCTCTAATAAATCTTGATTTTTAAAACAGAGAAAGTG
103,NC_005856,85941,85989,CAGAAAATGATTGTTTCCACATCAAGGAGATTTTAATGTTTCACTGAAA
104,NC_005856,85974,86022,TAATGTTTCACTGAAACATTAAGTAAGCCAGTGCATAATTCCATTTTTT
105,NC_005856,86162,86210,CTTGCTCACGTTGACGTAGAAACCCAACCCTTATATAGTTGGATTCGGT
106,NC_005856,87456,87503,TCAACAACCGCTGATGATTTTGTGCGCTTTGCTACTATTCATCACCAA
107,NC_005856,87536,87587,CCATAGCGTTTTCACCTCAATAATACTGTTCATTTATACAGTACACATTAAA
108,NC_005856,87507,87553,ACGTAACGCGTTTGCACCAAAGGTGTCTCTTTAATGTGTACTGTATA
109,NC_005856,91573,91621,GAAGAAATTGCCGATATCGTCGATACAGGTGGTTATGGTGATGTCGATG
110,NC_005856,17241,17279,AATCCTTAACAAGTGACTAGTGTTAAATTCCGTTCAAAC
111,NC_005856,58815,58853,GAAAGTCAACAAGTGACTTTCAATAAAATCTCTTCCGAA
112,NC_000929,983,1038,AAAAAGCAGCTTTACAAAAAGCTTTTCAGTAATTATCTTTTTAGTAAGCTAGCTAA
113,NC_000929,1056,1109,TTGGAACACATTTAAAAACCCTCCTAAGTTTTGTAATCTATAAAGTTAGCAATT
114,NC_000929,8142,8229,AGGTTGTACATTATTTTCCATAAAATCCTCTCTGATTGATGTGTAAATTCAGGCGGTGTTGCAGCACCGCCCCCTTTCCGGAGGTACG
115,NC_000929,9178,9234,AGCCGGTTAATCCGGCTTTTTTTACGTCCTCAATATCCTGTGATGAATAACCGTACC
116,NC_000929,10404,10467,TTTCCTGTCACCATAATCCCGCACCTGCCACCTGATTTTTTAGACTGCCATCAGAGAATTTTTT
117,NC_000929,17978,18042,TACTCAAATAGCATAACCCCAGATTTTCCCGCACCTCCCGCAAACTGACTGCTCACAAACCATGA
118,NC_000929,27288,27352,CAGTTAACTGCCATAACCCCGGACGGCGGCTTTTCACAGGTATCCTTTTCAGACAGTGGTACAGC
119,NC_000929,35694,35757,GATTATGCCCCAATAACCACACTCAACCCATGATGTTTTTTAAGATAGTGGCGAATTGATGCAA
120,NC_004679,11627,11676,AGTGTTGGTATTCCTTGGGGGGTGTTCTCATAATGGGTATTTTAGCCTTT
121,NC_004679,8191,8240,TACTCTACTTTTTATTTGTATTAATGTTCGTTGATATTATTACAGGTATT
122,NC_004679,270,319,AGAAAAACTATTGACAAAACTTTTAAACGTTTGCTATACTAAGTATGTAA
123,NC_004679,811,860,ACGTATAACGTTTACGTTTTTTAGAAAGGAGTGATATAATAATGAAAGTT
124,NC_004679,2707,2756,AATATTGATGATGAAGATGTGAGGTATAACTTTTTATATTATGCAACATT
125,NC_004679,10350,10399,ACAATTAATGGAGTTAAAACGATACAATTAAAAGGGGTATTAAAAGGTAT
126,NC_004679,13164,13213,TTAATTTCCCACGTGATAACTTTAAAGAGCCTGAGGGTATTTGCATTTAT
127,NC_004679,17960,18009,ATAAAATTAATTTACTTATTTAAATATTCTATGATATAATTAGTTATAAA
128,NC_001416,35572,35627,TCTGGCGGTGTTGACATAAATACCACTGGCGGTGATACTGAGCACATCAGCAGGAC
129,NC_001416,44135,44192,CGAATGTTGCGAGCACTTGCAGTACCTTTGCCTTAGTATTTCCTTCAAGCTTTGCCAC
130,NC_001416,37978,38033,ACCGTGCGTGTTGACTATTTTACCTCTGGCGGTGATAATGGTTGCATGTACTAAGG
131,NC_001416,37930,37985,CGCACGGTGTTAGATATTTATCCCTTGCGGTGATAGATTTAACGTATGAGCACAAA
132,NC_001416,35614,35668,ATAAAAAACATACAGATAACCATCTGCGGTGATAAATTATCTCTGGCGGTGTTGA
133,NC_001416,38333,38388,GCCTCGTTGCGTTTGTTTGCACGAACCATATGTAAGTATTTCCTTAGATAACAATT
134,NC_001416,44542,44598,CGGCATGATATTGACTTATTGAATAAAATTGGGTAAATTTGACTCAACGATGGGTTA
135,NC_001416,29062,29114,CGGTTTTTTCTTGCGTGTAATTGCGGAGACTTTGCGATGTACTTGACACTTCA
136,NC_001416,38673,38698,CTGTATTTGTCATAATGACTCCTGTT
137,NC_001416,34424,34474,GTGGTTCTCGTGTACCCCTACAGCGAGAAATCGGATAAACTATTACAACCC
138,NC_000924,12772,12826,ATGGTTGAACTGAAAGTTTTTGCAAGTGCTTTAGTATCGTACTCATGGTTCAGAA
139,NC_000924,9680,9736,CCAATAGTTCTTGATAATGTCGAACTATTGGTTCATTATTATCGTCGTCAGCAGGAC
140,NC_000924,12792,12848,ACTAAAGCACTTGCAAAAACTTTCAGTTCAACCATAATACGTACTGAAAGTACGAAA
141,EU622808,288,336,GTCTATGACAATTATACCATAAATTCTATCAAATGTCAAATATCGTTCT
142,EU622808,4642,4690,CTACTCTTTTAGTATATCATGCTGTTCAACATTTTTCAACATATTTTTT
143,EU622808,4738,4786,TACACTCATTATTCTAAGGTGATGTTAAACAAAATGCAAGCTTTTTTAA
144,EU622808,17657,17708,ATCTTGTAAATTTATATCCCTGTTTCCGCATGTGTTTGTCAAACATATTCAA
145,EU622808,18640,18688,CTACAACTATAGTATAACATTTTATAGTCTGGTTGTCTAGTATTTATGG
146,NC_004167,28085,28140,AATTTCGACTTTTACAAAATGTCGTGAATACCATACAATTTAGACATACCTTAACG
147,NC_004167,27944,27999,TTTTTTAGTATTGTATTTCCGACATTCGGATACTATAATTGTGTCATGCCACAAGA
148,NC_002371,14783,14831,AGTTAGTGTATTGACATGATAGAAGCACTCTACTATATTCTCAATAGGT
149,NC_002371,14788,14836,CGTGGACCTATTGAGAATATAGTAGAGTGCTTCTATCATGTCAATACAC
150,NC_002371,30882,30930,AAAAATACACTTGACCATTTAATTAAGAAGTCTTAAATTTTAGCCATCA
151,NC_002371,29680,29730,GTGGTTCTCGTGTACCCCTACAGCGAGAAATCGGATAAACTCTATTCACCC
152,NC_002371,15080,15135,CACGTAAGAGGTGTTAACTGCTTCTAAAATTGCTATACTATTCATGTTGGTTTTTC
153,NC_002371,31676,31723,TTAAATAAACTTGACTAAAGATTCCTTTAGTAGATAATTTAAGTGTTC
154,NC_002371,37842,37890,CAGCATGATATTGACTTTTTGAATAAAGTTGGGTAAATTTGACTCAACG
155,NC_002371,31663,31711,TATCTACTAAAGGAATCTTTAGTCAAGTTTATTTAAGATGACTTAACTA
156,NC_002371,37444,37496,TAAGCAAATGTTGCGAGCACTTGCAGTACCTTTGCCTTAGTATTTCCTTCAAG
157,NC_002166,29119,29152,CAATACCTAATATAGTTGAACTTATGGTTCAACA
158,NC_002166,28302,28357,CTATTGGTACTTTACATTAATGAACTTTAAGTACATCATAAGCCCATAGACGAACG
159,NC_002166,29140,29195,ATATTAGGTATTGACTGTACTATCAGTTCCGTCATAATATGAACCATAAGTTCACC
160,NC_001978,18476,18516,ATAGCGCCGCTCAGGTTGCCGACTCCCTTCACGGCATGCGT
161,NC_001978,21748,21788,CACTACGTCACCGGGTTGCCCACTGCCTTCAGCACAAGAGA
162,NC_001978,22655,22695,GCGCCCGGTAGCGGGTTGCCGACTCCCTTACTCCCCCATGT
163,NC_001978,23020,23060,GTTGTACCGCCCGGGTTGCCGACGTCCTTCAGCACAAGTGA
164,NC_001978,25042,25082,GCCGACTGAGCCGGGTTGCCGACTCCCTTACGGGTCCCTGA
165,NC_001978,27572,27612,CGGCATTCCCCCGGGTTGCCGACTCCCTTACGGGCATGTGA
166,NC_001978,29895,29935,CACTCCCTGCCCGGGTTGCCGACTTCCTTACCCGAAGTCGA
167,NC_001978,31178,31218,ACGTTCCGCCCCGGGTTGCCGACTTCCTTACTGCCAAACAC
168,NC_001978,38125,38165,CGGCGTATGACTGGCTCGCCCACTGCCTTCAGACGTGGCAG
169,NC_001978,19221,19251,GAGCGTGGGCTAGGGTGAGCGAAGCACCACA
170,NC_001978,40555,40595,TGACCCCGAATCAGGTTGCCGACAACCTTCATATAGGTAGA
171,NC_001978,12968,13004,AATTCGTGAGGGTTGCCGACTCCCTTCGTGTAGGTAG
172,NC_001978,29756,29788,AGTCACCTGTTACGTTCGTTGAGCACGACGGAC
173,NC_001978,36211,36251,GGTTCTAGTCCCGGGTTGCCGACTCCCTTACTGACCGTCAG
174,NC_001978,19781,19814,GTGAGTAGTGTAGAGTCGGCTACGCACGACAACG
175,NC_000902,12008,12056,GATAGTTTGCTGTAACTTGTTTGTTCCATTTCTTAAGATTTCCAATAGT
176,NC_000902,9328,9376,ACAAATTGTATTGACCAAGTGAAGTACATATCGTACTATTTAACCATCA
177,NC_000902,11605,11653,GTATTTTTACTTGTATTTGAGAAGTACATATTGTATTTTTTTATTCGTG
178,NC_000902,11556,11604,ACATTGTGCATGGATGGTTCCAGTACAGAGCGTAATAATAAGGACATGA
179,NC_004913,44890,44938,TGTATTTTTACTTGTATTTGAGAAGTACATATTGTATTTTTTTATTCGT
180,NC_004913,44832,44890,ACATTGTGCATGGATGGTTCCAGTACAGAGCGTAATAATAAGGACATGAAAATGAAATG
181,NC_004913,42614,42661,CAAATTGTATTGACCAAGTGAAGTACATATCGTACTATTTAACCATCA
182,NC_004913,52349,52400,ATCTTAAAAATTGCACATGGCACTATTAGTTTTCTAAATATTGTGTATTTTT
183,NC_003525,43015,43067,AAAATATTACACTATTAGAAAATCTGGCATGAAATCATCATTGAACCTAACAG
184,NC_003525,44484,44532,ACTCATGGTTCAGAATGAAAAAGTGCGCAAAGAATTCGCCCAGCGGCTA
185,NC_003525,44538,44585,ACTAAAGCACTTGCAAAAACTTTCAGTTCAACCATAATACGTACTGAA
186,NC_004914,44890,44938,TGTATTTTTACTTGTATTTGAGAAGTACATATTGTATTTTTTTATTCGT
187,NC_004914,42614,42661,CAAATTGTATTGACCAAGTGAAGTACATATCGTACTATTTAACCATCA
188,NC_004914,44832,44890,ACATTGTGCATGGATGGTTCCAGTACAGAGCGTAATAATAAGGACATGAAAATGAAATG
189,NC_001895,25874,25922,CTTATCGTGTTTGACATGGTGTTTAGATCTCAATAGTATTTAGTTTAGA
190,NC_001895,25952,25997,TCTAGCCCTCATGAATTGCGTTTAATGTCTTATAATGCCTTTTAGT
191,NC_001895,23963,24011,TTTTATCTGTTTGTTTTGTAAGGATAAATTAACTAAAATGGCACCATCA
192,NC_001895,3082,3137,CCGGGACTGATGGCGGAGGATGCGCATCGTCGGGAAACTGATGCCGACATGTGACT
193,NC_001895,3006,3061,CAGCACCTTAGCGAATCGCGGGGCGCGACTCAGTAGCCTTGCCGTGTATTCATCAC
194,NC_001895,17580,17636,CCGGGACAAATAGCCTGACATCTCCGGCGCAACTGAAAATACCACTCACCCATTAAC
195,NC_001895,10262,10318,TGAATCCAGATAGCATAACTTTTATATATTGTGCAATCTCACATGCATGAACACTCT
196,NC_001895,33414,33478,ATGCAATCTCATGCACCCTTGAATGCAACGACTATAAAATGTAAAAAAGCGTTTCGTATGAACTC
197,NC_001609,9077,9131,ATCCCCCCTGTTGCGTCTGCTGAAAATATTCACAAAATAAAGCGCTACCCGAAGC
198,NC_001609,8683,8738,TTTTTCTGGCTTGCCTTTTTCCGGCATTTGCGGATATAGTTTTTCGCCTGCCGCAA
199,NC_001609,9512,9567,CTGCAATGCGTCGTGTTGTTGTCCGGTGTACGTCACAATTTTCTTAACCTGAAGTG
200,NC_001609,132,189,ACTGTCTTTTTTGATGGCACTATCCTGAAAAATATGCAAAAAATAGATTGATGTAAGG
201,NC_001609,2550,2609,TAACATAATCTGGAGTTTTTAATTGTTAGTTGCTATAATAAAAATCAACGTGAAGTGAGT
202,NC_001609,3936,3992,AGGTTGTCCGTTGAAATCCGGATATCATTGGGGGCATAATTGGGGGCATCTTAACTT
203,NC_004831,39900,39937,TACACATACGATTTAGGTGACACTATAGAATAGAAGTA
204,NC_004831,17418,17455,GATTGGCAGGATTTAAGTGACACTATAGAACAAAGGGT
205,NC_004831,22403,22440,TTAATTGCCTATTTAGGTGACACTATAGAAGGGAGGTA
206,NC_004831,37763,37800,AGGACTTGGTAATTAGGGGACACTATAGAAGGAGGCCG
207,NC_004831,14276,14313,TGTGTCTCTTATTTAGGGGACACTATAGAAGAGAGAAT
208,NC_004831,12995,13032,CTGACCAAATAATTAGGTGACACTATAGAACAATAGGA
209,NC_004831,12532,12569,TGGTAAATTGATTTAGGTGACACTATAGGAGGAAGACC
210,NC_004831,9102,9139,TTTGATCAGGTATTACGTGACACTATAGGTGGGCGCAA
211,NC_004831,8401,8438,GTGCCTGATGAATTAGGTGACACTATAGAAGAGAACAC
212,NC_004831,6108,6145,CACGATGCGGATTTAAGGGACACTATAGGACTACCCGT
213,NC_004831,598,618,GTACATTACAGTCATCGGGAG
214,NC_004831,1510,1530,TACATTAAGCACCAACAAGAA
215,NC_004831,2065,2085,CATGATGCGAGAGGAAACATT
216,NC_004831,3344,3364,GTAAGATGGCGCTCAATTAAG
217,NC_002515,217,277,ACCTCCAAAAGCATGATACACCAAGGCAAGTTGTTGCTATTTTAGCCCCTCATCATAGCCA
218,NC_002515,7800,7860,AAGGAAGTTATGAAAAAAATAATTAATAACATCAAATGATTCTTTAGCTTTAGTTTAAAAA
219,NC_002515,11384,11444,ACCTCCAAAAGCATGATACACCAAGGCAAGTTGTTGCTATTTTAGCCCCTCATCATAGCCA
220,NC_002649,18862,18917,CTATGTTAGGTTGACAGAAGAGAAATAATATAGTATACTAAAGATAGTCAAGAAAG
221,NC_002649,20955,21011,TCATTTTAGCTTGACTCTCATTGCCAATCTATGTTATACTATAATTAGTTAACAAAG
222,NC_002649,6745,6777,CAAAATATGATATAATTAATCTATAGTAAAAGG
223,NC_002649,6548,6601,GTTAACAAAACTAGCATTTAATAAAGAGTGTGTAAAAGAATGTGTTTCCTAGCG
224,NC_002649,6636,6691,CAAAAAAGGGTTGTGTTTTTGTTCTAGTGGTGCTATTATTTAATTAACGCAAGGGA
225,NC_002649,1549,1605,GAAATAATAGTTGTAAATGATTTCACTATGTGATATAATAAAGATAGAAAGGGAGGG
226,NC_002649,1869,1925,GAAATAATTGTTGACTTGGAGTTTAAATAATGCTATAATAATATTATAAGGCATTGA
227,NC_002649,2685,2741,ATAGTTTCTATTGACTTCTTTTTTATTTCATAGTATACTAGAGATAGTTAAAAGAGG
228,NC_001825,212,267,CAAAAATCTCTTGACAATCATTTTAGTAAATGCTATAATGGTTATAGTTAGAAATG
229,NC_001825,306,361,CAAAAAACACTTGACAAGCATTTTGAGAAATGCTATAATAGTATCAGTTAAAACAA
230,NC_001825,963,1017,AGTTTATCACTTGCTTTCTATTTGAAAATGTGGTAAACTTAAATAAGAAAATAAA
231,NC_001825,4689,4750,TAAAGCGTTTTTCATGGCTTGAAAAGTCAGTTGGTTAGAATGACTCGCACCAGCAAGCACCC
232,NC_001825,4788,4845,TTGAAAAGCCTTACAGGTTTATCATATCATACTTGCTTTATTTTGTCAAGTATGATAT
233,NC_001825,6484,6545,TTCTGGTATGTTGAGGAAGCCTAAAGGCTGACCAAGGGCGGGCAATAGCCCGCCTATTTTAT
234,NC_001825,8155,8203,GATATACAGTTTCAGATATTTAATATATGTGATAAGCTGTTTTTACAAG
235,NC_001825,11526,11579,AAGGACAGATAGGACAAGAATAAGGGAGGGTTTCAGCCCTCCTATTTTTAAAGG
236,NC_001825,13068,13119,AGGGTAAACAATGGCAGAAGCAACAGAAACGCTAAAAGCACTAAATGAAATC
237,NC_001825,14886,14946,GATATTCAGAAAAACAACCCGAATTTTTAAAAGTATGATATAATGAAATAGAAAGGAGTGA
238,NC_001825,15855,15916,TGACAAAAATTTGACCGCTTATTGTTTAGAAGTGGAACAGGTGGAAGACGGGTTTGTGTACT
239,NC_001825,15935,15992,TAGGTAAAACTTTACGGAGTTTGTACTTAAAAAATATGTTTATTTATGAAGATTTAGA
240,NC_001825,18519,18576,ATAAGCGTGTTTAAGCGCTCATTTTTAAAATAGTTCTCATGGACTTCTTTATATCCAC
241,NC_001825,19077,19132,CAAAAATCTCTTGACAATCATTTTATAAAATGATACAATGTATATAGTTAGAAATG
242,NC_001825,18983,19038,CAAAAAACACTTGACAAGCATTTTGAGAAATGCTATAATGGTATCAGAAAGATAAA
243,NC_005045,893,941,GGCGAGGGTATTGACACGTGGGCGGCAGGTCTGTAGAGTTCGCCCTGTC
244,NC_005045,972,1020,GGAGACAGGGTTGACACACTACCAAGGCATCGGTAGAGTACGCAGCCAG
245,NC_005045,1126,1174,ACTTAGGGGACTGACACGGTGCAGGGCACGCGGTACAGTTCGCACCACT
246,NC_005045,1227,1275,CGACAGAGGATTGACAAGACAAGCGCAAGTCTCTAACATGCGCAGCAAG
247,NC_005045,6296,6353,CGTACCTGCTCGTCTAAGCGACTGGGGCCTACTCCGGGGTCAAATCCGAGGGCGTTCC
248,NC_005045,13969,14025,CGCTGCCGAACGCCTGACGACCCTTCCCTACTCCGGCCTTAAATCTTCATCCGACAC
249,NC_005045,24111,24167,TGGCGCAGGGTATCTAACGACCCTGCCCTACTCCGGCCTTAAACTCACATCCAAAAG
250,NC_002730,7830,7878,ACCTTGGGTATTTACACAATAAAATACCTACAGTATTCTTTAGCCATCA
251,NC_002730,9154,9202,ACCCTGAGTATTGATTGCTTTGAATACCTGTAGTATTCTTTGTTCATGG
252,NC_002730,1234,1283,CGTCAGATCGTTGACAGCCGCACTCCATGACGGGTAAAAAGTGGATAAAA
253,NC_002730,9505,9557,ATTCGCTTTCTTGCGAGTACTTGTAAGTTGCATATGTAAGTATTTCCTTAACA
254,NC_002730,1665,1711,CGGTTTTTTATTGCCTGATTTGCAGGTTCGATTCCCTATTCGGAGAT
255,NC_002730,15550,15597,CGGCATGATATTGACTTTTTGAATAAAGTTGGGTAAATTTGACCCAAC
256,NC_011048,15290,15348,ATATTTCCGATACACACAAAGCCGTATAAACCGTGTATAATAGGGGTAAACCCGCAGGG
257,NC_011048,5180,5238,TCTGGTTTTAATGGCATATGTTTCACCTCTTTCTATAATCTATTAGTACTACTTAATTA
258,NC_011048,2518,2575,TGGTACATGATTGATATATGTTTAGGCTACAAAGGGAAACGTAAGATACATACAGTGA
259,NC_011048,17598,17653,TTAATCAACGTTTACAAAGTGAACAGGAAGTGTTAAACTATATAGAGACACAGCGG
260,NC_011048,5149,5200,AAATCCTTATGTATCAAGGGTTCACGTGGTATAATTAAGTAGTACTAATAGA
261,NC_011048,4961,5016,TAGAAAAGTGTTGAAAATTGTCGAACAGGGTGATATAATAAAAGAGTAGAAGAGAT
262,NC_011048,19112,19168,TCGAAAAGGGTAGACAAACTATCGTTTAACATGTTATACTATAATAGAAGTAAGGTA
263,NC_011048,11447,11502,ATGGATGATCTTGTTCATTTTCTCCAATAATGTTAAACTTTCATCAAAGGCGGTTG
264,NC_011048,5057,5114,TAAAAAAGTCTTGCAAAAAGTTATACAGGTGTGGTTAAATAGAGAACGTAGACAACAA
265,NC_011048,311,366,CTATTAATGTTTGACAACTATTACAGAGTATGCTATAATGGTAGTATCAATGGTAC
266,NC_000866,26310,26363,TTATAGCAGCATTGCTTTTAATCTTGATGATTATAATAAGTATATACTATAGTG
267,NC_000866,19112,19165,CCAAATTTTTAATGCTTTTATGAATAGAGGTTAATATGAAAACATTTAAAGAAT
268,NC_000866,35004,35058,GAATTTGATGAATACTTTTTAGATTATGATGATATGATAGAATGGTCTAAAAGAT
269,NC_000866,40170,40223,ATGCTTTAAGATAGGTCTTCAAATATTATGATATAATAGATCTATGAATTGAGC
270,NC_000866,43012,43067,AAAACGGTTATTGGCTATTCACCAGACGGAAATACAATAGAACTAACTGGAGCAAC
271,NC_000866,42795,42849,TCACTGGATGTTTGCATAAATGCGAAGGTTGTTATAATCGTAGTACTTGGAATGC
272,NC_000866,145131,145185,GCAAGCGTGAAATGGTTGAAACGCATTGGTATAAAATAGATGAAGTAACAACCCT
273,NC_000866,142714,142769,TGCACATGTAAACCAAAGCCGTGTCATGGTGATATAATAGCTCATATAGTTAACCG
274,NC_000866,61947,61992,ACTATGCGAGCAAGAGTTAAGGAACTTGGTTATAATATGACCGATG
275,NC_000866,79339,79385,CCATCGATTTGATGTAAACGATTATCCATGTTATAATAAATTTCTGA
276,NC_000866,133002,133047,TGTATGGCGTACTATGATGAATTTAACTGATATAATTGATAATTGT
277,NC_000866,133762,133808,ATAACCTAGAAAAGATTTATCGTCTTTGTGATAAAATTGAAAAAGAA
278,NC_000866,79334,79379,ATTTGATGTAAACGATTATCCATGTTATAATAAATTTCTGAACCAC
279,NC_000866,109103,109149,GCCAAATGATTTAGATTCTGTCGTCCAAGATTATAATTTTACAGTAG
280,NC_000866,135397,135442,GACCTTTCTAAATGATTAAACTATCAGCAGTAATATTATCTATTGG
281,NC_000866,40202,40248,AGTGCTTGAAATTGATTCATCCTCTATGCTTTAAGATAGGTCTTCAA
282,NC_000866,23505,23551,TAAAATCTCGTTTGATTAAAGCTTCTACTTCTAAATTGACTGCAGAA
283,NC_000866,7169,7225,TGAATTAATAGTTTACAAACTCTTGGGACCAGAGTATAATGGTCCCGTGGAGTATAA
284,NC_000866,13140,13196,TCAAAAAGTTGTTTACTTTCCTTTCTAACGATGATATGATAGCTTCTGAAGTATACG
285,NC_000866,15242,15298,CATTTAAATGGTTTACTTTCCAAAATGAGTATGGTATAATAGAATTATCTTATAGAG
286,NC_000866,20566,20622,TAAAATTTTAGTTTACAAGCTGACAAGACTATGGTATAGTAGTCTTGTCGGTTAAAT
287,NC_000866,27034,27090,TCACAAAACTGTTTACAAGACTGTTCTTCCATGGTACTATACAACTATCAACTACTG
288,NC_000866,50927,50983,CACTGAACTAGTTTACTTTGCCACAAGGATGTGGTATAATGTTCTTACTTTCTACTG
289,NC_000866,163627,163683,TCACAAAACGGTTTACAACCAAAGCATACTGTGGTACTATACAACTATCAACTACTG
290,NC_000866,73526,73582,TCACAAAGTTGTTTACATAGGGTTTTAGCTGTGATACTATTACCCTATCAACTACTG
291,NC_000866,6584,6640,TCATAAAACTATATACATCAGTAGTTGATTATGGTACTATATCAATATCAACTACTG
292,NC_000866,2325,2382,TTAGAACTTTTTGATAAAGCAGTTCATCGAGAATATAGAATCATTCAACGCTTTTTCG
293,NC_000866,16355,16404,AAATTTGAGCTTGTGGATATATTTCATTTCGTATTAAATATGTTTGTTGG
294,NC_000866,17148,17196,AAACAAAATTGTGATAAAATAATCTTTAGTTCATTGCATTTTAAAGATG
295,NC_000866,17049,17097,GGTCTTTTTCTTCATCTTCTGACCAAAATTTATTATAATCAGCAACTGT
296,NC_000866,17682,17730,CTCCTTTAAATTAATATTTATCGCAAAACGTGTTAGTATTACTATCAAA
297,NC_000866,18031,18079,TAAATCTCCCTGGAAATCAAAAGATGTTAATGATATGATTAGAAAGGAA
298,NC_000866,75563,75619,TAAAAATTTATTGACATCACGATTTCAGTTTTGCTATTATCTAAGATGTAAAGCGTA
299,NC_000866,107243,107291,TATAAAGTTATTTACAAGACCAAAGTAATATGATATTATAATCATATAC
300,NC_000866,117136,117181,CAGGAATCATTTTACTTATTGAATTTAAGCTATAATTACTTTTTAC
301,NC_000866,142816,142871,GAGGCTGCCATTGAATTATTCAAAAAAGATTTTATACGTCGAATTAAATCCGGAGA
302,NC_000866,146906,146954,AGGGGACCTCTAGGGTCCCCAATTAATTAGTAATATAATCTATTAAAGG
303,NC_000866,147891,147940,ACCCAGAGTATTGCGAATTATGCCAGCTATGAGGTAAAGTGTCATAGCAC
304,NC_000866,149277,149324,GAAACTCAATTTGCTAAATTTATTCCTTCGGGTATAATTGAAAAAATT
305,NC_000866,149867,149915,CCTGATAATATTGCTTCAAACATTGTGAATTACTATAATTCATATAAAT
306,NC_000866,149895,149942,TTAGTTCTAATTGATTTTGATTATATTCCTGATAATATTGCTTCAAAC
307,NC_000866,5510,5565,TCAAGTGGTTTTACTAATATTGAAATCACTGGATATAATTGGTTCGGTTGCTCTGA
308,NC_000866,5524,5581,AACCAAAGTTTTGTCTTCAAGTGGTTTTACTAATATTGAAATCACTGGATATAATTGG
309,NC_000866,5529,5581,AACCAAAGTTTTGTCTTCAAGTGGTTTTACTAATATTGAAATCACTGGATATA
310,NC_000866,26308,26362,TATAGCAGCATTGCTTTTAATCTTGATGATTATAATAAGTATATACTATAGTGTA
311,NC_000866,26437,26492,TCTTTACTGTTTAACTGGTCAATTATTGGTTGGTTTATTACATTTATTTGGTCAAT
312,NC_000866,26546,26603,TCAATTTTTATGGTTTTAGTTTCAGGCGTGTTGGCTATTATTATATACATGCTTCCAT
313,NC_000866,60357,60407,AATCTATCGATAAAGCTGAAAATGATTTAGAAACATATTTAGAAAATTTAA
314,NC_000866,65821,65872,GCTTACGCCGTTGCTAATGCAGCCCGTGGTAATTCTTAATAAAGCTTATACT
315,NC_000866,66428,66477,TGATAGTATATTCACAATTACTTGAATAGACAATTACTAATTAAAATATT
316,NC_000866,66502,66551,CATTACAACGTTTAGAACTGGCACTTGGGACGCGTATAAAAATCTATAAA
317,NC_000866,66568,66616,GAAGCAGCAGTTAACTTAGCTAAAAGTATATGGTATAATCAAACACCTA
318,NC_000866,74852,74903,TTAGATTATCTTGATAAATTTAACTCAGGTTATGATTATTATATCGTTCCTG
319,NC_000866,127231,127283,CCACAGGTCTTTGACTGAGCTTAATGATGAATTGATTTATAATAGAGCTGTAA
320,NC_000866,60491,60540,TTCCTTATGATTACTCGCGAACAAAAGAACGAAATATTATTTTTAGTTGG
321,NC_000866,60531,60581,GAATTCGATAATAAAGAACAAGAACTCATTGATTATATAAATTCCTTATGA
322,NC_000866,75382,75435,GCAGAAGTTTAATGCTTCAGTTTTGTGTGTTATAATCTTAATTAAATTTGAGGA
323,NC_000866,112,165,ATTATCAAATAATGCTTCAAAAAACAGTGATAAAATGGTTGCTGAGTTTACCAA
324,NC_000866,33247,33299,TATAAGAGATTATGCTTTAATTTATTAGAGTATAATCTCTATGGAGGAAAAAC
325,NC_000866,74867,74919,GGTAAAATTATTTGCTTTAGATTATCTTGATAAATTTAACTCAGGTTATGATT
326,NC_000866,367,420,TTTATATGTAGATGCTTTTGATGATGTAGATTATGATAAGTATGTAGGTTATTC
327,NC_000866,5339,5392,CTTCGGGCCTTTAGCTTTATGATTACCGGAGTATAATATTCCCGAAACCAAACG
328,NC_000866,32616,32669,TTAATCGTTAATTGCTTTATTAAATTAGTTATAAAATTAAATCTCATTTGAATT
329,NC_000866,36562,36619,CTTCGGCCCTTTAGCTTTATACGGAGTTTGATATAATGATATTTCTTGGATATGTGAT
330,NC_000866,16803,16856,TTTTTAATTAATTGCTTACATACTCAAATGATATAATTATTTAACTTATTAATG
331,NC_000866,138929,138982,CAGCCAAGGTTTTGCTTGCACCTTTAATTAGTATAATATAAATATGATTATACT
332,NC_000866,38672,38724,CGGCTCCTATATTGCTTTATAAATTTTTTGGTAAAATAAACTAAAATGAATTA
333,NC_000866,72583,72636,AAATGGTAAATATGCTTTAAGAATTATTTGTTATTATTAACTCATACCGCACTG
334,NC_000866,24446,24500,TGCGTAAAGAGATGCTTTCTATTCAACATGATATTTTAAATAAAACCCGTGCAAA
335,NC_000866,139868,139921,CTAAAGTCGGCGTGCTTAATCCGATGTATGGTACAATTTCTCCGACAAGAGATG
336,NC_000866,29921,29977,AATTAAGCAAGGGGCTTCGGCCCCTTATTTGGAGTATAATATATCAAGAGCCTAATA
337,NC_000866,149861,149916,TCCTGATAATATTGCTTCAAACATTGTGAATTACTATAATTCATATAAATTACCAC
338,NC_000866,153000,153055,TTGTGTCTCATTTGCTTCAAGAATATTAAGTGTATAATGGTCCCAGAGAGTTCCTG
339,NC_000866,23742,23796,GAAAAGAAGCTTTGCTTAATAATCCATATGGTTATAATAGAAATAAACCATCACA
340,NC_000866,115361,115415,AATAGAGTATAATGCTTCACGTTAAAACGTGGTATAATGAATCTAAGTCCATCCA
341,NC_000866,2252,2307,GAATTTAAAACCCGCTTTAAAGATATTAGAGATAAAATTCAATCCGACACCGCAAC
342,NC_000866,46430,46485,TGATGGCCGAGATGCTTCAAAGAGGATTTGAATATAATGAATCTGACACCAAAACA
343,NC_000866,148054,148101,ATTATCTCATATTGCTTACGAGAATTATGTGTTATTATTATCCTCTAA
344,NC_000866,67924,67971,AGGAAAATTAAATGATTTTAAAAACTCGCTGGTATGATTTAGATGATG
345,NC_000866,3844,3893,ATGGCGAGTGGTTTACTTTCGAGCTAAATGGCGATACAATTATCGTAAAT
346,NC_000866,2419,2468,TGAGCCAGTAGTTTACTTTACCACAAGGATGTGGTATAATTAATTGGGCA
347,NC_000866,8179,8228,ATAAAAAGTTGTTTACTTCCTCGGTTAGTTGTGGTACTATAACACCATAG
348,NC_000866,11812,11861,TCATAAAGTTGTTTACAAGTTAAAGTAAAAATGTTATAGTATAAGTAGTT
349,NC_000866,20070,20119,TAAAATAACTGTTTACTTTTGTTGGAAATTGAGATACTATATAAACATAA
350,NC_000866,35659,35708,ACTATAAAGATTTTACAAATCTATCAGTACGTGTTATAGTAACTGAAGTA
351,NC_000866,41222,41271,GAAAAAATCAGTTTACATTGATGATGATTTTGATTATAATACTTCTCAAC
352,NC_000866,41667,41716,TCACAAAGTTGTTTACAACAAGTTCAAACCGTGGTATTATTAACATATGA
353,NC_000866,47413,47462,GGAAGAACCGGTTTACACTGATGAAGAAACGGTGTATAATGAACCAACGA
354,NC_000866,53904,53953,TCTTTTAGTTGTTTACAAGACCGTTCCTCTGTGGTACTATACAACTATCA
355,NC_000866,55345,55394,TCACAAAACGGTTTACAAGCATAAAGCTTTATGGTACTATACAACTATCA
356,NC_000866,58741,58790,CATTTTACCGGTTTACTTTCCGTTTGAGCTGTGGTACTATACAACCATCG
357,NC_000866,62758,62807,AAGAATAACTGTTTACTTTTCCTCTTGACTGTGGTATAATTTTTCTATCA
358,NC_000866,65375,65423,ATAAATAACAGTTTACATCTCCTGTAGGTATGATACTATAGACCTATCA
359,NC_000866,65760,65809,AATAAAAGCAGTTTACAACTCCTAGAATTGTGAATATATTATCACAATTC
360,NC_000866,69928,69977,CGAAGAATAAGTTTACAATCTATTAGAAACGTGATATTATATTATCTAAT
361,NC_000866,70657,70706,TCACAAAACTGTTTACATCCTTGTTCTTCCATGGTACTATACAACTATCA
362,NC_000866,129880,129928,TAAAATAATTGTTTACTTTGGTACAGGATATGATATTATATACCTGTAC
363,NC_000866,130271,130320,GCACAAAGTTGTTTACAGTATAGTTCCTTTGTGATAGTATTATCTTACAC
364,NC_000866,133292,133341,CGATTTAATGGTTTACTTTACGGTAGAGTTGTGATATTATAGCTCTACCA
365,NC_000866,136297,136346,ATACTAAGTTGTTTACAAGTCCCTCGTGTTGTGTTATAGTAGTCTTACTG
366,NC_000866,146836,146885,TCACAAAACGGTTTACAAGCATAAAGCTTTATGGTACTATACAACTATCG
367,NC_000866,150724,150773,ATTTATACTTGTTTACTTTAAGATTTGGATGGTATATAATAGAAATCTCA
368,NC_000866,161172,161221,ACACAGACCAGTTTACAAATCAAGCGTCTGATGATATTATAACAAAGTCA
369,NC_000866,166768,166817,TAAAAAAGTTGTTTACAAGACTGTTCTTCCGTGGTACTATTACCCTATCA
370,NC_000866,167047,167096,TCACAAAACAGTTTACATACCACAAGGACCGTGGTACTATACAACTATCA
371,NC_000866,15593,15643,AGAATTTAATTTACTTATTCAGAAAAGAAGATGTATAAATAATCATGTAAT
372,NC_000866,45621,45671,AACTGCATGGTGACATGCAGCTGTTTATCCTCGTATAAATATGAATACGAG
373,NC_000866,46875,46925,GATTGCATCAAATGTTTTACAATACTTGAAAATAATAAATACCCTTATCTA
374,NC_000866,59736,59786,GAATTAACTAAAAAGCTCGGTTAGTGCAAAAGTTATAAATAGGTTTATCTA
375,NC_000866,67014,67064,CTTTACCGAATAATGAACAACCTCTTTTAATTTTATAAATACCTTCTATAA
376,NC_000866,67001,67051,TGAACAACCTCTTTTAATTTTATAAATACCTTCTATAAATACTTAGGAGGT
377,NC_000866,72859,72909,CTTTATGCGAAAGTATCATCCGTTGAAAATGGATATAAATATGATCAAGAA
378,NC_000866,74995,75045,TAATTTCGTAGCATTTAATAAGATTACTGACGTTATAAATAATATTGAAGA
379,NC_000866,77354,77404,TCAAAAAATGTAAAGAGCATGGGCCCTCCTGTTTATAAATATATTATCTAT
380,NC_000866,77316,77366,CCCATTTTCCAGAATATGCCATTGGATTCTCCTTATAAATAGATAATATAT
381,NC_000866,79753,79803,CGCTCAATTAGAAACAGGTGAAACGTTAGTATCTATAAATATAACTAGTTA
382,NC_000866,66459,66508,CTATAAAGCTGTTTACTTTCTCTTGGAATTGTGATAGTATATTCACAATT
383,NC_000866,73900,73949,TCACAAAGTTGTTTACATACTGATGAGGTAGTGATACTATTACCTCATCA
384,NC_000866,85766,85816,GGTTTAACTCTTAAACATACAGAGACTATAATTAATAAATACAAAAACTAT
385,NC_000866,86714,86764,GGAATATCTATTTGAGATTCCGCCTGATGTATCTATAAATAGATGCACGAA
386,NC_000866,87154,87204,AAATTAAGGGAGCCCATGGGCTCCCTTTTTCTTTATAAATACTATAAACTC
387,NC_000866,87839,87889,ATCGGTAGATGGAAGAAAAATTAAAACAGCAGAAATAAATATTCTTGTGGA
388,NC_000866,95291,95341,AATCTAGCCCATTTGACAATGATTTCATGGATTAATAAATATTATAAACTA
389,NC_000866,98467,98517,AGTATGTTCCAGTATCTCATGGTATGTCAATGGTATAAATATATTAAAGCA
390,NC_000866,100518,100568,CGGTGCATTCTAAAGGCCTGTTTCGGCAGGCCATATAAATACACTATATCC
391,NC_000866,100577,100627,TTAATTCTATATGCCCTAGGTTAAACATAGGGATATAAATACTACAGAGGC
392,NC_000866,101138,101188,AATCCCCATCCTGCTTAAAGCAGAGAAGTCCATTATAAATATAACTATAAT
393,NC_000866,102493,102543,AGGTATAATCACAGAAGATGAGTGGAATGATGAAATAAATAATATTAAGAT
394,NC_000866,103100,103150,TGACGAATTGTCTTCTGCTTTAAATAAAGACGATATAAATACAATTGTCGA
395,NC_000866,104049,104099,ATATGGCTCTCGCAGAGGCCATGAAAAAAGCGTTATAAATATTATTATCTA
396,NC_000866,104770,104820,ATCTAATAAAGATGAAAGCACTATTACTGAGAGTATAAATACTCCTGATAC
397,NC_000866,107255,107305,AATATCATATTACTTTGGTCTTGTAAATAACTTTATAAATAGTATTATATT
398,NC_000866,111988,112038,ATATAATCTTTATCTATCATAATATTTCCTCAGTATAAATATAGATATATT
399,NC_000866,112542,112592,TACCACAGGAACTTTTTGGGTCAATAATGGCGCAATAAATAAATTAATACA
400,NC_000866,114677,114727,AAGATATGGGCATTGATATGCATATGAGAGTTGTATAAATAGATATAATTC
401,NC_000866,116440,116490,AATGTTTGCCATAGATGCTCCTTTTATTCTATTTATAAATATGATAAATAA
402,NC_000866,116421,116471,TCATACATATTTAGCTCCTTTATTTATCATATTTATAAATAGAATAAAAGG
403,NC_000866,125521,125571,ATAGATTATTAAAGGCCTTCGGGCCTTTAATTTTATAAATAGAATAGAATA
404,NC_000866,131163,131213,CACTATAAAGCTATTCCGTGTCTTTATAAGTGATATAAATAATAATATGAA
405,NC_000866,136843,136893,GTTCAACTAGATACGGACGAAGAGTAGCATCTTTATAAATATCATCGTATG
406,NC_000866,138929,138979,CCAAGGTTTTGCTTGCACCTTTAATTAGTATAATATAAATATGATTATACT
407,NC_000866,144445,144495,CAATCCCGTGCTAAATTGTAGGACTTGCCCTTTAATAAATACTTCTATATT
408,NC_000866,147994,148044,TAAAACTCCTGGATGGCGAAGAGTTAAAGGTAATATAAATATAACTGATAC
409,NC_000866,150734,150784,ATTATATACCATCCAAATCTTAAAGTAAACAAGTATAAATACTTATTATTG
410,NC_000866,155804,155854,AAATTGAGGGACCCTTCGGGTTCCCTTTTTCTTTATAAATACTATTCAAAT
411,NC_000866,156323,156373,TGACCTTACTAGAAAGGACTATGTTGATGGAGCAATAAATACTGTTACTGC
412,NC_000866,160163,160213,AGCCTTGGTATAAGCGTTTATTCAAGCATTACGTATAAATATCTTAAAAGG
413,NC_000866,16355,16405,TAAATTTGAGCTTGTGGATATATTTCATTTCGTATTAAATATGTTTGTTGG
414,NC_000866,16152,16202,AAACATGAATCATTTATTGTAAATCCATATAATGATAAATATCCGGGTTCA
415,NC_000866,67230,67280,TATAATCCAGACCTTCTAGAAGACCTAGGTGTATTTAAATATTCTAGTAAT
416,NC_000866,77335,77385,CATTGGATTCTCCTTATAAATAGATAATATATTTATAAACAGGAGGGCCCA
417,NC_000866,77445,77495,CCGACTATTCCTATGACAGATATTTTTAGAAACTATAAAGACTATTTTAAA
418,NC_000866,96107,96157,GGATGGAACAGTAAAACAAACTTTCACTAGTAATGTAAATAGACCAACACC
419,NC_000866,96867,96917,AACAACTCTGATAAGCCTGAATTATTTCAAACTTATAAAGATAAGAATAAT
420,NC_000866,104741,104791,TTGAGTGCAATCGTAGAAATGGTGAAGAAATCTAATAAAGATGAAAGCACT
421,NC_000866,116408,116458,TTATAAATATGATAAATAAAGGAGCTAAATATGTATGAATACAAATTTGAT
422,NC_000866,116431,116481,CATAGATGCTCCTTTTATTCTATTTATAAATATGATAAATAAAGGAGCTAA
423,NC_000866,112025,112075,CATATACAAAGTGGTACATACTATTTTCCGAGTAATAAATATATCTATATT
424,NC_004165,288,336,AGAACGATATTTGACAAATGGTAGAATTTATGGTATAATTGTCATAGAC
425,NC_004165,4648,4696,TAAGAAAGTGTTGAAAATTGTTGAACAGCATGATATACTAAAAGAGTAG
426,NC_004165,4738,4787,TTAAAAAAGCTTGCATTTTGTTAACACCAGTTAAAATAATGAGTGTAGTA
427,NC_004165,4818,4866,GCATAAACCCATGAATACCAAGGGTTCCCGTGATATAATAAAATAGTAA
428,NC_004165,17529,17580,TTGAATATGTTTGACAAACACATGCGGAAACAGGGGTATAAATTTACAACAT
429,NC_004165,18517,18565,CCATAAATACTAGACAACCAGACTATAAAATGTTATACTATATTTGTAG
430,NC_001271,109,160,CAAGTGGCCTATAGGATAGCCTAAAGTGGTTCCTAAAGTCAATACCTAAAGT
431,NC_001271,365,407,GTAGTCATTTCATTAACCCTCACTAAAGGGATAAGGTGGATAC
432,NC_001271,441,490,AAATTAAGTGTTGACTTTAAGTTACCTTTAAGGCTATTATTCATCTCGTC
433,NC_001271,571,620,AAAACAGGCATTAACCGAAAGTAGTACAACAAGTTATCTTCTAGTCAAAC
434,NC_001271,618,666,AACAAAAGCGTTGACACGGTAACGAGAAAGCAGTAGGATGTATCGCAGT
435,NC_001271,5969,6011,AAGCACTTAGCATTAACCCTCACTAACGGGAGACTACTTAAGG
436,NC_001271,6311,6353,ACGGACATACAGTTAACCCTCACTAACGGGAGAGTTAAACTTA
437,NC_001271,6825,6867,ACACTGGAAGTAATAACCCTCACTAACAGGAGAATCCTTAAGG
438,NC_001271,8351,8393,GAGATGCTGCCATTAACCCTCACTAACAGGAGACACACACCAT
439,NC_001271,9554,9596,AGTGAAAGCCTAATTACCCTCACTAAAGGGAACAACCCAATCA
440,NC_001271,11327,11369,ACCGAGGAATAATTAACACTCACTAAAGGGAGACTTAACGGTT
441,NC_001271,13144,13186,ATGTACCACTAATTAACCCTCACTAACGGGAACAACCTCAAAC
442,NC_001271,17915,17957,AGGCTCTCTGTATTAACCCTCACTAAAGGGAAGAGGGAGCCTT
443,NC_001271,20454,20496,AGACGCCACCTAATAACCCTCACTAAAGGGAGACCTCATCTTT
444,NC_001271,21489,21531,TCCAGTTTCTAATTAACCCTCACTAAAGGGAGAGACCATAGAT
445,NC_001271,23151,23193,GGGTTTTTTGCTTTAACCCTCACTAACAGGAGGTAACATCATG
446,NC_001271,26213,26255,CCCTGTGGTGAATTAACCCTCACTAAAGGGAGACACTAATAGA
447,NC_001271,33886,33928,CCGAAGAAACAATAAACCCTCACTAAAGGGAGAGAGGTCACAT
448,NC_001271,38787,38829,AACGAGTTTGCATTAACCCTCACTAAAGGGAGAGAGGGGACTT
449,NC_003298,116,160,ACTTTAGGTATTGACTTTAGGCATCACTTTAGGCTATCCTATAGG
450,NC_003298,433,482,GAATTAAGTGTTGACTTTAAGTTACCTTTAAGGCTATTATTCATCTCGTC
451,NC_003298,562,611,AAAACAGGCATTGACAACGCAAGGTAACAAGTAGTAAGATGTACCACATA
452,NC_003298,673,721,AACAAAGTGGTTGACAACATGAAGTAAGCACGGTACGATGTACCATATG
453,NC_003298,356,398,CAACGTTGTCTATTTACCCTCACTAAAGGGAATAAGGTGGATA
454,NC_003298,1318,1367,TTCACTATTGATGAGTTCGGTCGCCGCTGGCAAGTACAATAAGTGTTAAA
455,NC_003298,2873,2921,GACGCATACCTTGACAAGCGTCTACAAGGCTGATAGAGTCTTTTCTTAC
456,NC_003298,5632,5674,AAGCACTTAGCATTAACCCTCACTAACGGGAGACTACTTAAGG
457,NC_003298,5974,6016,ACGGACATACAGTTAACCCTCACTAACGGGAGAGTTAAACTTA
458,NC_003298,6488,6530,ACACTGGAAGTAATAACCCTCACTAACAGGAGAATCCTTAAGG
459,NC_003298,7673,7715,TCGTTCCGGGCATTAACCCTCACTAACAGGAGACACACACCAT
460,NC_003298,8824,8866,AGTGAAAGCCTAATTACCCTCACTAAAGGGAACAACCCAACCT
461,NC_003298,10593,10635,ACCGAGAAGTAATTAACACTCACTAAAGGGAGACTTAACGTTT
462,NC_003298,12408,12450,ATGTACCACTAATTAACCCTCACTAACGGGAACAACCTCAAAC
463,NC_003298,17150,17192,GGCTCTCTACAATTAACCCTCACTAAAGGGAAGAGGGAGCCTT
464,NC_003298,19688,19730,CAACGCCACCTAATTACCCTCACTAAAGGGAGACCTCATCTTT
465,NC_003298,20723,20765,TCTAGTTTCTAATTAACCCTCACTAAAGGGAGAGACCATAGAT
466,NC_003298,22385,22427,GGGTTTTTTGCTTTAACCCTCACTAACAGGAGGTAACATCATG
467,NC_003298,25447,25489,CCCTGCGGTGAATTAACCCTCACTAAAGGGAGACACTAATAGA
468,NC_003298,37422,37464,AATGAGTTTGCATTAACCCTCACTAAAGGGAGAGAGGGGACTT
469,NC_004665,241,301,CATCCATAGGATTGACACTGAGACCATCCATAGGCTATCGCGTGTGTGCGCTCATAAGGAC
470,NC_004665,377,441,TAGAAACAATGTTGTTTACAACCATCGAGGATCAGTGTCTAATGGCTCCCATCAACGGCAAACAC
471,NC_004665,929,971,ACGCTGGATTTAAAAACCCTCACTGTGGCTGCACACACTATGG
472,NC_004665,7205,7248,CGCTCTCCTATTAAAAACCCTCACTGTGGCTGCACACATTCCCA
473,NC_004665,15992,16035,CTCTGCTGCCTAAAAACCCTCACTATGGCCATAGGGGACCGTTA
474,NC_004665,14442,14485,GTGCGACATGGCGCGAGTGCCACTAAGGAGAACCCAATGGCCAA
475,NC_004665,19895,19938,GGCACTGATTTAAAAACCCTCACTATGGCTGCATGAGAGTTCTT
476,NC_004665,36624,36667,GACGAAGATTTAAAAACCCTCACTATGGCCCAGAGAGGGGGGTT
477,NC_004665,588,651,GAAACAAACGCTTGACAAGATGATGGAACGCTGTAGAATGGCCACCATCAACAACGTAACACGG
478,NC_004665,947,1011,CTCACTGTGGCTGCACACACTATGGGGGCTTTTATCTTAAAGACATCTCAAAGGTCATCTTAAAG
479,NC_004665,4125,4165,AGACCAACTAATGCAAGTCACTATCGCCGCTACCAGTTCCG
480,NC_004665,4411,4453,TCTGGGGTCGGCGTCAAGGCCACTCAGGAACTCGCTGAGAAGG
481,NC_004665,5728,5771,ATGACCGAATTTAAAAACCCTCACTTTGGCTGCACACATCGAAC
482,NC_004665,8845,8888,ACGGCTGGCATTTAAAAACCCTCACTGTGGCTCACATGGATTCG
483,NC_004665,9266,9300,ACCAGTTCGCCATCACTGGCATCCAACGTGGCATC
484,NC_004665,11537,11580,AGGAGAACCACCACATGAAAGCACTGAAATCGTTCGACATCGTT
485,NC_004665,18091,18134,GGACCAAGCGAGATGGCGAGCACTACGGACGTTCACACGTTGAG
486,NC_004665,18936,18979,GCCACTCAGGTTTAAAACCCTCACTATGGCTGCATGGAGACTTC
487,NC_004665,24136,24206,TGGGGGGCCTCAAAAACCCTCACTATGGCACCCTATGAGGGTTTCTTTATGATCTTGACACAAGCAACCAA
488,NC_004665,31605,31648,CCGCACCCGCTAAAACCCCTCACTATGGCACCCTCAACGGCTCA
489,NC_013649,920,969,ATAAAAAGAGTTGACACCGCGAAGAACATAAGCTAGATTGAATCCAAGC
490,NC_013649,1486,1538,CACTAATTACAGCCTATAGCATCCTACGGGGTGCTATGTGAAGTAATTACCT
491,NC_013649,2507,2559,TTTAGTAGCAAGCCTATAGCGTCCTATGGGGCGCTATGTGAATGCAACTGGC
492,NC_028816,1030,1078,ATAAAAAGAGTTGACACCGCGAAGGACATAAGCTAGATTGAATCCCAGC
493,NC_028816,1159,1206,ACCGGACGGCTTAAAATAAACGCTTGACAAGTTATGATTCACTGAGTA
494,NC_028816,1172,1220,AAATAAACGCTTGACAAGTTATGATTCACTGAGTAACTTAGATAGCGAA
495,NC_028816,2010,2061,CGTTAATTACAGCCTATAGCATCCTACGGGGTGCTATGTGAAGTAATTACCT
496,NC_028816,3192,3243,TCCAGTAGCAAGCCTATAGCGTCCTACGGGGCGCTATGTGAATGCAACTGGC
497,NC_028870,673,720,TTCTAAGTATTTGCCCTGCTTACCATTTTTGCTATAAGAGATAAAAAG
498,NC_028870,864,912,ATAAAAAGAGTTGACACCGCGAAGAACATAAGCTAGATTGAATCCCGAA
499,NC_028870,933,981,AAATAAACGCTTGACAAGTTCGGATTCACTGAGTAACTTAGATAGCAAG
500,NC_028870,1449,1500,CGTTAATTACAGCCTATAGCATCCTACGGGGTGCTATGTGAAGTAATTACCT
501,NC_028870,2225,2276,TATAGTAGCAAGCCTATAGCGTCCTACGGGGCGCTATGTGAATGCAACTAGC
502,NC_011043,469,511,CACCATAATCAATTAGGACACACTATAGGGAGACACTTAAAGT
503,NC_011043,571,627,ACTTTAAGTGTTGACATTCAGATTCCTTTATGAGACATTAGCAACCGTTGAGAGACA
504,NC_011043,705,761,ACGAAAGTGGTTGACTCAACGATGAACAAGTAGTAAGATGTACCACAGATTCACGAA
505,NC_011043,5771,5813,GGTCTCAGGCAATTAGGGCACACTATAGGGAACCTTCGAATGA
506,NC_011043,6418,6460,GGTAAGCTGTAATTAGGACCCACTATCAGGAACATACTCAAGG
507,NC_011043,6943,6985,AGCTGGAAGTAATTAGGACACACTATAGGCAGACTCAAGGTCA
508,NC_011043,8148,8190,ATCAAGATGTAATTAGGACCCACTATAGGAGACACCAAATGTC
509,NC_011043,9229,9271,CCCGGATAGTCATTAGGACACACTATAGGGACACAGGTTGTCC
510,NC_011043,10898,10940,CGTGGGTAAACATTAGGGCACACTACAGGGAGACAATTACGTT
511,NC_011043,17783,17825,TCATGGGCACAATTAGGACCCACTATAGGGAAGTGCCCATTAT
512,NC_011043,20214,20256,CCGGGCATGTAATTAGGGCACACTATAGGGAGACCGATTGGTT
513,NC_011043,25844,25886,TGGTGTGCTCAATTAGGGCACACTATAGGGAGACCACACTAAG
514,NC_011043,33148,33190,AAGCCTAACTAATTAGGACACACTATAGGGAGACCGATTGGTT
515,NC_011043,40493,40535,AGACACTTGGAATTAGGACCCACTATAGGGAGAGACCCTTGAA
516,NC_011085,536,601,AGATATAAATTAAGTATTGACAACTTGAAGTAACAACGATAAGATACGCTCACAGTAACACGAACA
517,NC_011085,5686,5728,AAAGCTTTATCATATTTGTGGCATTATTAGGGATAACCTAAAG
518,NC_011085,7573,7615,TAACGCATGACATATTTGTGGCACTATAGGGGAACATAACTCA
519,NC_011085,8984,9026,GCGGTATAATTACATTTGTGGCAATATAGAGGAGGACACTGAC
520,NC_011085,10716,10758,AAATAACAAACATATTTGTGGCACTATAGGGAACAGGCTTAAC
521,NC_011085,17361,17403,ATAGTGCCTATACATTTGTGGCATTATAGGGGATGGTGAGGGA
522,NC_011085,19852,19894,ATGAGTTAATTATATTTGTGGCATTATAGGGAGATACTTAAAG
523,NC_011085,20904,20946,TTCACAGATTTATATTTGTGGCATTATAGGGAGAACATCAGGA
524,NC_011085,25373,25415,TGTGGTGCTCACTTTTTGTGGCATTATAGGGAGACACTACTAT
525,NC_011085,32572,32614,AAGGGAATTAACATTTTGTGGCATTATAGGGAGAGGGACAACC
526,NC_011040,343,385,ACCATACAGCTTATACGACTCACTATTGAGAATGTTGTTTATA
527,NC_011040,450,506,ACTTTAAGTATTGACTCTGAGAAACAGCTATGAGACTATAGCAACCGTTGAGAGACA
528,NC_011040,585,641,ACGAAAGTGGTTGACTCAACGAAAGCAATAACGTAGTATAGCAGTCGTCAACAACTG
529,NC_011040,675,732,GAGAAAGTAGTTGACAAGCAGTAACGATAAGATGTAAGATGTACGACATGCAGTAAGG
530,NC_011040,824,880,GAATAACAGGTTGACAGTCTCCTTTAAAAACTGTAAGCTGTACCGGAAACATACATA
531,NC_011040,5635,5677,TAACGGAATCTAATACGACTCACTATTGGGAGACCCTTGGGGT
532,NC_011040,6260,6302,AGGTTGCAGACAATACGACTCACTAATGGGAAACACTGAAAGT
533,NC_011040,6786,6828,GCACTGGAAGTAATACGACTCACTAATGCGAGAGAGCTAAACT
534,NC_011040,8010,8052,TTTCGTGTTTCTATTAGACTCACTATGGAGGAACAACCTCATG
535,NC_011040,8118,8160,GCCTGATTGCTAATACGACTCACCTATGGAGGAAACACTTATG
536,NC_011040,9059,9101,CCGTAAGGTTTAATAGGACTCACTAATGGGAGACACTAACGTT
537,NC_011040,10817,10859,TAACTCGTAAGTAATAGAACTCACTATGGGAGAGCCGAAAGGT
538,NC_011040,12781,12823,CAGCCTGAATAAATAGAACTCACTAATGGGACAGACATTCTGT
539,NC_011040,13615,13657,TGTATGAAAACTATTCAACTCACTAATGGGAGAACAACACTAT
540,NC_011040,18147,18190,GACAGTGAAATTAATACGACTCACTATTGAGAGGGGTGCCTATA
541,NC_011040,20738,20780,GGTTCCTAATTAATACGACTCACTAATGGGAGAGACACTACGT
542,NC_011040,21730,21772,CTTCTAAAATTAATACGACTCACTATTGGGAGAGAGATGGAAT
543,NC_011040,26207,26249,ATTTAGTGAACAATACGACTCACTATTGGGAAGGGGTTTTATA
544,NC_011040,33546,33588,AAGAAGTAAACAATACGACTCACTATTGGGAAGGCTCTCACAG
545,NC_011040,39063,39105,ATGAAGAAATTAATACGACTCACTATTGGGAAGGGCACCCTAA
546,NC_019401,10646,10695,AAAAAAGGGGTTGACATATGTTAGCCCCGTCTGTATACTGTATTCATTG
547,NC_019401,11172,11221,TAAAAGTACTTTGACAAAATGGTTAGAGTACTTTATAATGTAGTTATAT
548,NC_019401,11564,11613,TAAAAGTACTTTGACAAAATGGTTAGAGTACTTTATAATGTAGTTATTG
549,NC_019401,13248,13297,CATTTATTTGTTGACACAGACAAATAAAGCAGGTATAGTATTCTTATTG
550,NC_019401,17525,17574,ATAAAAGGAGTTGACAGCGGTTGACTCCTTTAGTATAATCATCCCATTC
551,NC_019401,19831,19880,AAAAAAGTACTAGACAAAAACGATTTAGTACTTTATAATTTAAAAACTA
552,NC_019401,41928,41977,GAATATTAAGTTGACAAAATATAAATGTGATGCTATATTTCACCTCTGT
553,NC_019401,58392,58441,TAATTATCACTTGACACGAAAACAATAAGCTGCTATACTTTTCAAAGAT
554,NC_019401,102402,102451,AACAAAAACCTTGACATAGTAGCAATGAGCCGGTATAATCGGCTCATAT
555,NC_019401,252522,252571,GTTTTTCTCCTTGACACACAAGCAGTTCTGTAGTATTATCAATCTCATG
556,NC_019401,256987,257036,AAAAATCTGCTTGACACGCAATGGCTTAGCCTGTATCATAGCCCTATCA
557,NC_019401,275616,275665,CAAAATAAATTTGACATCCCATGACAGTGCGTGTAGAATAGCCTTATTA
558,NC_019401,300486,300535,CGGGTAACGCTTGACAACTGCCAAACACCCCGCTATAATAGCTGGGTGA
559,NC_019401,317228,317277,CAAAAAGTACTTGACATGAAATGATTTATCTGCTATGATAGCACTGTTA
560,NC_019401,327314,327363,AGATTTTTATTTGACAGAGAGCAAAAATTTTGATACAATGAAGTACAAT
561,NC_019401,329864,329913,AAAATATCAGTTGACACGCCTCGTGTTAACTGATATACTTACATTAATT
562,NC_019401,332857,332906,TAAAAAGTACTTGACAGCCACTTCGCTAGATAGTAAAATGTAATCTCTT
563,NC_009935,769,833,TAGGCGAGGGGTTGACAGGGTAGGAGTGTGTCTGTAGAGTGCGCCCTGTCTCCACGCATTACCGC
564,NC_009935,847,911,TGGAGACAGGGTTGACACACTGCCAGGGTATCGGTAGAGTGCGCAGCCAGAGGGACGGAACAACG
565,NC_009935,999,1063,TCGCGGAGGTATTGACAAGGTAGTAAGATGCGGTAAGATGTGCGGCGTCAAGTGGTCCCGATGTA
566,NC_009935,1101,1165,ACCGGCACCGCTTGACACTGCAAGGCTCAGTCGGTAAGATGGGCACCCATAGCGGACGTGATGGT
567,NC_009935,1250,1314,ATACAGACGGGTTGACACGACAAGGCCAAGTCGATAACATGGCCACCACAAAGGGAAGCGATAGC
568,NC_009935,3244,3290,TGGCCCTGGCGGGCGACCATCGCCTACTCCGGGGCCATCGCTGGACT
569,NC_009935,6643,6689,TGCTCGGCTAGGGCGACCAGGGCCTACTCCGGGGTCAAATCCGAGGG
570,NC_009935,14553,14599,CTCGAACGCCTGACGACCCTTCCCTACTCCGGCCTTAAATCTTCCTT
571,NC_009935,24708,24754,GCAGGGTCTCTAACGACCCTGCCCTACTCCGGCCTTAAACCAACATC
572,NC_009936,465,530,AGTGCGACAATTCTTTTGAATATAAGTACCACTAGGTTATATAACGAATTGGTATTGACGGGGCTT
573,NC_009936,503,568,ATATAACGAATTGGTATTGACGGGGCTTCAGCAGGTCTGTAGAGTTCGCAGCCATGGTTAGGCCAT
574,NC_009936,675,740,GCGAAGGCTAGCCAAGCTTGACAAGCCAAGCGGATGCTGTAAGATGCGAGTCGTAACTCAAGGTAG
575,NC_009936,1160,1225,GGCTACCACAGCAGACTTGACAAGCGAACGCCCAGTCTGTACGATGGGCACCAAGCAAGACGCAAA
576,NC_009936,2747,2796,GCCGAGGACAGCCGCGTGCCGGCTGCACTCGCGGCTCGAAAACCGTGAAG
577,NC_009936,3598,3647,GAACCGCCCGATGCCGTAACCGCTGCACTCGCAGCCCGAAACCCATCTCG
578,NC_009936,6916,6965,CTTCTGCGGATACCCGTAACCGCTGCACTCGCAGCTCAATTTCTGTAACG
579,NC_009936,15001,15050,TGACTGGCTGTACGCAGTACCGCTGGACGCTCGGCATCCTCGGGCCACGC
580,KP025626,84,132,CATCAAGGGGTTGACAAAGCGATCCCTGTGATCTATTACGTGCGCTACG
581,KP025626,139,184,TTAAGGGGCCTTATAAACCCTCACCTAAACAGAGACTGAATTTAGA
582,KP025626,187,234,AAATAAGTGGTTGACACACTCAAAGGAGTCTGTAGAATGGCCACCACA
583,KP025626,348,395,AACAAAACGCTTGACACTGAGTCACAACGCTGTAGAATACGCCACATC
584,KP025626,3680,3725,GGGCGGGGAGTTTAAAACCCTCACCCAAACAGGAACACTTAAGGGG
585,KP025626,6455,6500,TTGCATTCGCTTAAAACCCCTCACCAAAACAGGGTGACCACTTCCG
586,KP025626,8541,8588,TCTGGAGAACTTGACATGCCCGCAAAGACTGTGCTAATCCCGCTCGCG
587,KP025626,8637,8682,GAGCCGTCATTTAAAAACCCTCACCAAAACAGGGACGACACACCCT
588,KP025626,9883,9928,ACCCGGCAAGTTAAAAACCCTCACCAAAACAGGGAGGACCTTCACG
589,KP025626,11562,11607,CTGTCACCGAGTAAAAACCCTCACCAAAACGGGGACCTCCGGGTTC
590,KP025626,14327,14372,AGGCCGAGAAACAAATCCCCTCACCTAAACCGGAACCAACCCTGAA
591,KP025626,18420,18465,AAGGTGGGGATTAATAACCCTCACCCAAACAGGGAGAGCCTTATGG
592,KP025626,20988,21033,TGCCTCAGGTTTAAAAACCCTCACCAAAACAGGGAGATAGCTTCGG
593,KP025626,21978,22023,AGGCCCTGATTTAAAAACCCTCACCTAAACAGGGAGGACCATTTTG
594,KP025626,26695,26740,GCTCGGGCATTTAAAAACACTCACCACAACAGGGAGACCTTTATGA
595,KP025626,33951,33996,TTGAGGCACGGTAAAACCCCTCACCTAAACAGGGAGTGCTTACACA
596,KP025626,38369,38414,TCGACGAAGATTAAAAACCCTCACCTAAAGAGGGACGGTGGGGGTC
597,KP025626,39054,39102,CTTGGGGCACATTATGAGTGCCTTAAGGGTGGCTGTCAAGCCCTAAAGG
598,NC_027375,895,943,GGCGAGGGTATTGACACGTGGGTAGTAGGTCTGTAGAGTTCGCCCTGTC
599,NC_027375,975,1023,GGGACAGGGGTTGACACCCTGCCAGGGCATCGGTAGAGTGCGCAGCCAG
600,NC_027375,1129,1177,ACTGAGGGGATTGACACGGTGCAGGACACGCGGTACAGTTCGCACCACT
601,NC_027375,1230,1278,CGACAGAGGATTGACAAGACAAGCGCAAGTCTCTAACATGCGCAGCAAG
602,NC_027375,6680,6730,CCTGCTCGTCTAAGCGACCAGGGCCTACTCCGGGGTCAAATCCGAGGGCGT
603,NC_027375,14594,14643,CTCGAACGCCTGACGACCATTCCCTACTCCGGCCTTAAATCTTCCTTCGA
604,NC_027375,24776,24825,GCAGGGTATCTAACGACCCTGCCCTACTCCGGCCTTAAACCCACATCCAA
605,NC_010326,903,958,GGCGCGGGTATTGACACGTGGGTAGTAGGTCTGTAGAGTTCGCCCTGTCTTCACGC
606,NC_010326,972,1027,CAGGCAGCCTGGAGACAGGGTTGACACACTGCCAGGGCATCGGTAGAGTACGCAGC
607,NC_010326,1137,1192,CTGAGGGGATTGACACGGTGCAGGACACGCGGTACAGTTCGCACCACCTGATGGCC
608,NC_010326,3120,3159,CCCTGGCGGGCGACCCTCGCCTACTCCGGGGCCATCGCTG
609,NC_010326,6743,6782,CTCGTCTAAGCGACCAGGACCTACTCCGGGGTCAAATCCG
610,NC_010326,14403,14442,GAACGCCTGACGACCCTTCCCTACTCCGGCCTTAAATCTT
611,NC_010326,24755,24794,GGGTATCTAGCGACCCTGCCCTACTCCGGCCTTAAACCCA
612,EU236438,962,1011,GGAGACAGGGTTGACACACTACCAAGGCATCGGTAGAGTACGCAGCCAG
613,EU236438,1217,1266,GACAGAGGATTGACAAGACAAGCGCAAGTCTCTAACATGCGCAGCAAGA
614,EU236438,3098,3145,CCCTGGCGGGCGACCCTCGCCTACTCCGGGGCCATCGCTGGACTCAT
615,EU236438,6663,6710,ACCTGCTCGTCTAAGCGACTGGGGCCTACTCCGGGGTCAAATCCGAG
616,EU236438,14329,14376,AAGACGCTGCCGAACGCCTGACGACCCTTCCCTACTCCGGCCTTAAA
617,EU236438,24480,24527,CAGGGTATCTAACGACCCTGCCCTACTCCGGCCTTAAACTCACATCC
618,EU056923,962,1011,GGAGACAGGGTTGACACACTACCAAGGCATCGGTAGAGTACGCAGCCAG
619,EU056923,1216,1265,CGACAGAGGATTGACAAGACAAGCGCAAGTCTCTAACATGCGCAGCAAG
620,EU056923,3098,3145,CCCTGGCGGGCGACCCTCGCCTACTCCGGGGCCATCGCTGGACTCAT
621,EU056923,6668,6715,CTCGTCTAAGCGACTGGGGCCTACTCCGGGGTCAAATCCGAGGGCGT
622,EU056923,14340,14387,GAACGCCTGACGACCCTTCCCTACTCCGGCCTTAAATCTTCATCCGA
623,EU056923,24482,24529,GGGTATCTAACGACCCTGCCCTACTCCGGCCTTAAACTCACATCCAA
624,AY543070,4789,4883,CTTGCTGGCGGCCTTTCTTGTACTGCCTAAATCGATATTTTACCGATTGCTGGGCTATTGTCAACAATTTTTTAGTAGTACCATCTAATTTTTTA
625,AY543070,5928,6022,ATTGTTATAGTTTCCTTATGTTATTAATTTAATCTCTATTATATTATATCAAAACCATTAGCAAACTACCTAATGAGTTTTTCAGGTTTAATTAG
626,AY543070,6401,6499,CTAGGCAAGGAAAATAAAAAGGTAAAATAATATTTGCCTATGCTAGAAAATTACCTTTATCATTCACTCACCGATTAACGAGGGAGGCCAACAAATGCG
627,AY543070,13202,13296,CTCACTATTTATCTCCATTCTTAGCTTTGAAAACTTATTATACCAAACTATATGATTATCGTCAATTACAAATTTATGGTAACATGCTGGTACGG
628,AY543070,16235,16329,CCATTAGAATTTCCTCTCTCATTAATTTATGAACTTATTATACAGAATTTTAAGGCTTAAAGCAACTGAATTTTTTAATTACTTACCAATCGTTA
629,AY543070,18540,18634,TGCTAACATTTAATCCTCCTATCAATCTATACAAATATTATACCAAAATTTTTAGCTGAAAGCAAGTAAAATAAAAGCCTGATCCGCTAAGATCA
630,AY543070,19358,19452,CATAATATATACCTCTCTTAACTAATTTATGTATATATTATATAATAACTAGGGCTAAAAGTCAACTACTTTTTTATCTTAATCTACTACATGTA
631,AY543070,20988,21081,ACTTTTCCAATTTGTAACCTCCTCTAACCAGTACCATTATACTAATTTTGGAGGAAAATTTCAATGGGTTTTTAAATGTTACACTTGGAGCATA
632,AY543070,24433,24527,CTCATATTTAATCCTCTTGCCTCAATCTATGAATATATTATACAAAAGTTTGGGCATCTATGCAACTAAAATTTTATTACAAAAATAGCCCAGTC
633,AY543070,26712,26806,TTTCATTTCAAACCTCCCTCATCAATTTATATAAATATTATAACAAGAAAAGAGAGGTTTAGCAAATGAATTATTTCAGAAATTAGTCGTAGCAC
634,AY543070,27152,27245,TTAAGTCTTTTAAATTAACCTAATGTGGATGAATTTTATTATACATAAATTATTTACCTATATACAGAAAAACCCCAGACTACTTATTCAATAG
635,AY543070,28587,28681,TTTCATTTGGTTTCCCTCTCATTAACTTATATAAATATTATAGCAATAAATAAGAGAGAAAGCAAATGAATTTTTAAGTTTGGTGCTCCCACTAG
636,AY543070,31991,32085,TATGATGGGGATTTCTCCTCATCAATTTATATAAATATTATAACAAGAAATTAAGCATTAAGCAACTGCGTTTTTGAAATTTCTTGGACTTGGTA
637,AY543070,32747,32841,TTCACTTAGCTTTCCTTCTCTTCACTTTATAAGATATATTATACAGAGAATTAAGCATAATAGCAACTACATTTTTCATAAATTTACTTATTGTG
638,AY543070,34749,34843,CTGTCATATTGCTTCTCCAGTTCAATTTATGTAATTATTATATAGAACTTTTGGAAACTAAGCAACTACATTTTTTAAGAATTTGATGCCTTTCT
639,AY543070,35514,35608,TTACTTCTCATTCAGATATGTTTCCAAATTAGATAACTATTATACCAAGTTTTAAGGCACTGAGCAAGTCAAATTTTGAAGAACTTGCTCAGTGC
640,AY543070,35887,35981,TTGCATTCGTTAACTCCTTCATCAATTTATACAACTATTATATCAGAAATTTAAAGCAAAAGGCAAGTACATTTTTAAAAATTCTATTCGGAGGA
641,AY543070,37237,37331,AATACCGTTATGCTATTCTTCCGAATTTATAAATATATTATATTAGAAATTTAGCTTCATAGCAAGAAAATTTTTCAAGTTTTCGGTAGACATCT
642,AY543070,37792,37886,AGTCATATTAGATTCCTCTCTCAAATTTATAAATATATTATACAGAGAATTTAGCATTCAAGCAATTGAATTTTTTAACTTTTTAGAGGAAAATC
643,AY543070,37944,38038,AAAATCTGGGGGCAATTTTTAAAGACCCCTTGACATTTTCTCCTGGGTAGTGTAAAGTATATGTTATGGATGAGTGATCAAAGAGACACACATTT
644,AY543070,41544,41638,AAATTAGAGAAGAATTACTCTCTAATTTATGAATATATTATACAGAATTTATAAGCATTTAGCAAATGAATTTTTAGAAAAACTCGCTAGCAATC
645,AY543070,42217,42311,TTCATATTTCGCTTCCTCTCATTAATTTATGAAAGTATTATACAGAAGTTTAAGTATTTAAGCAAATAAATTTTTAAGTTTTAGTGACAGCAGGC
646,AY543070,43057,43151,AGTCATAATAGCCTCGTTTCATCAATTTAAAAATATATTATACAGAAAACTTAATAAATTAGCAAATACATTTTTAAATTGTGAAACTAGTAAAC
647,AY543070,44383,44477,GTTTTCCTTTTGTTGTTTTCTCAAATTTATGAATATATTATACAGAATTTTGAAGCTGGAAGCAAATCAAATTTTGATTTTTTCGACCATAGCTG
648,AY543070,45975,46069,ATTTGTTTTCCTTTTTGTTTATCAATTTATGAAGTATATTATACGAGAATTTGAAGCGTTTAGCAAATGAATTTTTTAAAAATTATCGGCCGACC
649,AY543070,46327,46421,AATTCGCATAAAGCCCTCCTCACTTTCAATACGAATATTATACTAAATTAGAGGGCTTTAAGCAAGAAGATTTTTAATTTATTTATCACATCTCG
650,AY543070,46927,47021,CTAATTATGATCAAGTAAAATATATTATATTTGAAATTATACCTAATAAGCAAGTACAATTTCAAATATAATAGCCCCCGAAAGGGCTATTTGAG
651,AY543070,50051,50145,GTGTTATCAAAACTAATCTCCTTAACTAATGGAGATATTATAGCAAATCAGGTAGCGATTAGCAAGTAAAATTTCAAAGAAAAAGGAGACCCGAA
652,AY543070,53766,53860,TATTAGATAATCATTTTATACCGCGTACATAGGCGCAGGATTATACTATTTTAAGTACAAAATAGCAAATAAATTTTTTAACAATTTGCTAACCT
653,AY543070,53874,53968,AAAATACAACATCTAAGAGAAAAATTATATTGACATCTGCCCTTGAATAAGCTATAATAGTAGTCTTAGTTAGAGAAGGAGGGTATAATGAATCG
654,AY543070,55698,55792,GGTTGCTAGTCGACCTGGCTTTTATTTTATTTGCTTTCAGCTAAAAATATATGTATAATAGATTTATAAATTTGAGGAGGTAGGAATTATGACTT
655,AY543070,58989,59083,ACACTGATAGCACCATCCGGAAAATTTTACTTGCAGGATGCCCAAAATCTTGATATAATATTTATATTGAATTGAGAGACATTAGTAAAAATTGA
656,AY543070,63033,63127,TCTTTGCTCAAAGAATCATAAAAAATTTATTTGCTTTCAGGAAAATTTTTCTGTATAATAGATTCATAAATTTGAGAGAGGAGTTAAATATGGCT
657,AY543070,64058,64152,CCTGGTGGAGTAACTACTTAAAAATTTCAGTTGCTTAATCCTACAATTCTTGATATAATATTCTCATAGTTTGAAAGAACTATTCTGTTTTATTC
658,AY543070,65274,65368,TAGTTCTTGGCTTTTTCTTTATAAATGTATTTGCTTTCAACTCAGTTTTGTTATATAATATTTATATAAATTAATGAGAGATATAAATAAATGAC
659,AY543070,66356,66450,ATCTACCATATCGGAATTATAAAGTGGTTATTGACATTTTCGCCGCTTAGGTATATACTATTATCATTCAGTTGAGGGATAGAAAGTTATGGCGA
660,AY543070,66449,66543,GAGGGTAAGCAAAGTTAGTTAAAATTGTAGTTGCTAAATGCTTAAATACTTGCTATAATATTTATATAAATTGATAAGGAAGAAATTTGATGAAA
661,AY543070,70977,71071,TACGTTAGCAAAACGTATTGAAATTTTAGTTGCTGAATCGCTTAAAGATTTGGTATAATATATTGGTAAGTTAGAGAAGAAACACTGAAGTTATA
662,AY543070,75457,75551,AGAAAGCAGTTCAATTAGCTAAAATTGCATTTGGCAACAGCTCATAAATGATGTATAATATATACATAAATTTGAGAGAGAAAGTTTCGGATTGA
663,AY543070,75466,75538,TTCAATTAGCTAAAATTGCATTTGGCAACAGCTCATAAATGATGTATAATATATACATAAATTTGAGAGAGAA
664,AY543070,75558,75652,AGTCCGAAGCAGAAAAATAAAAATTTTAGTTGCTAAATTCTCTCGAAATCTAGTATAATATATACATAAATTCGAGGAGAAAACAAAAATTAAAT
665,AY543070,75569,75634,GAAAAATAAAAATTTTAGTTGCTAAATTCTCTCGAAATCTAGTATAATATATACATAAATTCGAGG
666,AY543070,81725,81819,TCTGCTATTTGCTTTTTAAAATCTCTATTAGACAATTAGCTGAGTGTTTGTCATATAATATTGCTATTGAATACCTAGCTCGATGATGTTTCCCT
667,AY543070,92003,92097,TAGTCTCATAGTTAATTTCTCCTCTTTAATAACAATATTATAATAGTATTGGAAAATTTTATCAAGAAATTTTTATTTTTCCATAAAGAAAAGGA
668,AY543070,99900,99994,CTCACATGGGAAGGTCGATCCATTAGGTTTACTAACAGTATATTCTAAATTTCCACCTGTGTCAATAACGGTTTTTATATCCGCTACGAGTTTTT
669,AY543070,110339,110433,AAAAAACTCATAAGTTCTCCAAAAATTTAGTTGCTTATACTGCCATAATTCTGTATAATAGTATTATAAATTAAATAGGGGAGAATGTAAATGAA
670,AY543070,110365,110459,TTAGTTGCTTATACTGCCATAATTCTGTATAATAGTATTATAAATTAAATAGGGGAGAATGTAAATGAAAAAATTATTTTTAGCTATGGCAGTGG
671,NC_021190,24744,24796,GTTACATTGCGTGTAGCTTTGAGTGGGCAACTTTGTGTACACTTTTGTGTACC
672,NC_021190,33197,33245,CGATGGAGTAATTAAACATCATGTGGATTTGTAGGTCAACACCTTGTGG
673,NC_021190,35311,35359,CGCTCCATGCATGGTAAACAACATGTGGATTTTTTCCATCACCATAATG
674,NC_021190,35350,35398,CACCATAATGTTGATTTAATCCACGCCATGAATTAACATGGTGTTGATT
675,NC_021190,41979,42027,GAAATAGGTATTGCATTTCGCGGAAAAACTGGATAGATTCATCTCTAAC
676,NC_001317,3743,3800,GTAATGGATTCAGGGCAAGGCTACTTAATGGCCGTCAGTGATTCGCTAAGGTGCTGTT
677,NC_001317,3818,3875,GTCGTCATTGGTGGTCTGGCGTGTCCTGAGTCTGGAAACTGGCGGTGACCAGTAACCC
678,NC_001317,14112,14169,CCCTGACAAATAGCCCCTCACAAGACCAGCCAGGACAATAACACTCGCCCACTAACTA
679,NC_001317,20539,20594,ATAAAATGTATTCACAAAAAGTGAATTTATGATTATCATTTATTCACGAATTGAGA
680,NC_001317,23016,23073,ATAAAACCTATTTACTATCTCTCAATTGGGAGATATATTTTGGCTAAACCCACGCAAT
681,NC_001317,23115,23169,CTTTGGCTAATAGGGAATCATGCAATATGGCTTCTGAAATCGCAATCATCAAAGT
682,NC_001317,23390,23472,GTCATCGGTGCTTAATTCACTTTATGTGAATTGTAAGGATGCAACATGTTTGATTTTCAGGTTTCCAAACATCCCCACTATGA
683,NC_001317,29010,29066,GATTTTTTTCTTCACACCTTTTGCCAATACGTGCTACTGTATGTTTATACAGTATCT
684,EU438902,363,411,ATGTAACTATATTATACCACATTACCCTACCCTTGTCAAGTATAAAGAT
685,EU438902,492,540,AGAAACTGTAACCACAAACCGCCCAAAACGTGGTATAATGGTTTTATCA
686,EU438902,637,683,AGAAAAAGCATTGAGAGAAACAGAAGATTTATATAATTATAGTGCTA
687,EU438902,1662,1710,AAATTTTATGAAGACAAGTTATGCTCTAAGTGTTATACAGAGAGTGCAA
688,EU438902,5016,5063,TATTAGATATTTTAAAAGATAAATAAATATGATATAATCAAATTAATC
689,EU438902,17873,17920,TTACACTTATATTATACATAAAATCAATCAAGTGTCAAGTAATAACTA
690,EU438902,18223,18271,TGATAAAACCATTATACCACGTTTTGGGCGGTTTGTGGTTACAGTTTCT
691,EU438902,18352,18400,ATCTTTATACTTGACAAGGGTAGGGTAATGTGGTATAATATAGTTACAT
692,NC_006949,36042,36090,TGATGGCTAAAATTTAAGACTTCTTAATTAAATGGTCAAGTGTATTTTT
693,NC_006949,36836,36883,TTAAATAAACTTGACTAAAGATTCCTTTAGTAGATAATTTAAGTGTTC
694,NC_011976,15300,15348,AGTTAGTGTATTGACATGATAGAAGCACTCTACTATATTCTCAATAGGT
695,NC_011976,15604,15652,CAACATGAATAGTATAGCAATTTTAGAAGCAGTGAACACCTCTTACGTA
696,NC_011976,30828,30875,TGATGTGTTTAGTATACGTATAGTAAACATCATTGCAAATACATTTTG
697,NC_011976,32797,32844,AAACTATGTATTGCGATATTGAATACGATGTGTATACTTATTGGTGAG
698,NC_011976,39274,39322,CATCATGATATTGACTTTTTGAATAAAGTTGGGTAAATTTGACTCAACG
699,NC_041880,347,416,AGGGGAATTATTATGGAATTGAATACTAAAGGTGTAGGGGATATTCAACATCGCCAATTGATTGCTGGTA
700,NC_041880,7345,7414,AAACCAACTTTATGTTTGGATTGACTAACATCGCGTATGTATATCAAGTTGCGGTGCGTATGGTTGAAGG
701,NC_041880,7808,7877,GGAGAATGAAGAATGAGTGTATTTGATGTTCGAACCAATACTGAGTCACCAATCACTGAGATTCGATTTG
702,NC_041880,8736,8781,CATGCTGTATGATGTGCCCATACCAAACAAACACGGAGCAAAACAC
703,NC_041880,8891,8962,TGGCTTGATTCGGTGAAGTTGGGTAATATCAATGATTGTTCCACCTTTACAAAATCGAGCAGAACAGGTGTG
704,NC_041880,9793,9862,GCAGAACATTCATTGCGTGACATGGGTATAACATCCACGTATAATGATCGGCGTACTTTCTTCAAAAGAA
705,NC_041880,12384,12453,TCGATAGAAAAGATTGATTGACAAGGATGCCAGTTGTGCTAATCTAACCCTGTAGACGGTTGATTTAAGC
706,NC_041880,13553,13622,CTCACCTGTTAACCGGTATTATTATAACCACACTGATTTACACAGCAATTCAATTCGGAGCAAGTTAAAA
707,NC_041880,14580,14649,TTAAGTTCAACTACAATTTAAAAGGGGAGTAAGTAAAGATGGAATGGTTTCTGATTTATGTTTTCGTCAT
708,NC_041880,15083,15152,CTTAATTGGGGCTTTTTTGCGTCTGTAGAAAAGTGAAAATAAGTTGTTGACAAGGTAAACGGATCCTGTA
709,NC_041880,15112,15181,AAAGTGAAAATAAGTTGTTGACAAGGTAAACGGATCCTGTAGAATGGGCGTCAAGAAAGGGGAAATGTTT
710,NC_041880,16096,16165,AATGATGAAATAGTTGTTGACACACACCCTGATCATGCGTATTATCTGGCTATCAAAGAGATTCGGGAAA
711,NC_041880,17055,17124,GTGGGTGTCATTCCCAAGTGGTTATAACAAATTCATTTCTTATTCCAAAATGATTGTTTACAACGTTTTC
712,NC_041880,17094,17163,TTATTCCAAAATGATTGTTTACAACGTTTTCAGTTGGCGTATAATGACCACATCAAGACAGGACACACAG
713,NC_041880,17656,17725,TATTATCCTTTGCGGAGGCTAATCTACCTTACTGTTGAAAAGTTTTAAAATAAGGGTTGACACCTTACCC
714,NC_041880,18361,18430,ATAATTGAAAATAGTTGTTGACCTGTTCTGTGATCGGCGTATAATTGAACACATCAAGAGGCAACACACA
715,NC_041880,20144,20213,AGGGGCTTTTCTTTGTTTGTGATTTGGCAAAATCACTACTGAAATATTTACCTCACCCCTTGACAAACCA
716,NC_041880,20750,20795,AATTCATAATTAATCACCCATATCAATACTTCACGGGCAATAGTTA
717,NC_041880,20934,20979,GATAAGCGGTGTCCTATAATCTGCATTATGTTAAATTGACGTATGC
718,NC_041880,21171,21243,AGGGATTTTGGATTTGTGGGAGAATGGTATTGCTGGGAAATCGACTTTCCAAAATAGGGGGAATGGGGTTTTC
719,NC_041880,22577,22646,CTCCTTAAAGAATTGGTGCTATTATCAGTTCCCACAGTACAATTTCCAAGCCAAGCATGAAGAAGGCCAT
720,NC_041880,23655,23724,CGCGTCAGCATCAATTTGTGAAGTGAAATCACCACAGTAGATGATTTCCCCAGATGGTCGTTCGCAATAC
721,NC_041880,23751,23822,ACAATCAAGTGGTGTAGAGTACCTTCTACGTTCAGTTTCCTGTACGTCTCTACAAGATTTTGTACCATTCGA
722,NC_041880,24425,24494,ATGACCCTGCCTTTTTGATGACAGAGGACAAGTGTACTTTGTATTGGTCACTTTCGATATGGTACTCCTC
723,NC_041880,26501,26570,AGTAATCACAAGTTATGTCCATGTTATACCCGGGGACTCGACAAGTCTCCCAATCAGCATACTTGTACGC
724,NC_041880,29475,29544,AATGCTGTCAGCGTACTTATACTGTACAGCAACGACAAAGCCTTCCACCAACATCCGTTGTTCTAACTTA
725,NC_041880,30392,30461,AAGTTTACATTTGGGTTGTGGAGAATCCACTGGGCGACATAGCATTCCTGATTTTGGTAAACCACCTTCG
726,NC_041880,32246,32315,AAGGCTGCAATCTGTGTTGCACTATAACCTAATTGACTGGCGCTCACAACAATCTTTTCTAGGGCCTGAT
727,NC_041880,33541,33610,ACCCTACAGTTACTCCCGACACCATAATGCGTGGTCCCCACCTGTTCACAATATTGTCTTTGAGAGTGAA
728,NC_041880,34254,34323,ATCTCTTCCCAAGGACTCAGAATATACACTGCATCCAGCGGATTGTCATCACCTTTCGCAAAGAAAGGAG
729,NC_041880,35843,35912,GACAGCTAGAGCGAGTTTTGCAAGTTTCATATATTCTCCTATGTTTGTAGATGCCGGGGCTGTTAGCCCC
730,NC_041880,37913,37982,TTGCTTTTGTAACTGTTGGTAGTGTATACATTGTTGAATTCGTTTGCAACAACATCTACACCAAAAGTGA
731,NC_041880,38052,38121,TTGCTTCGTGCGCCTTCAGGAATGTACGACCACCATCACAGATGTCATCCAGAACAAGGAATTTCTCCAT
732,NC_041880,38864,38933,CGTGACCACGCTGTTGCTTGATTACACGCACTTCCTGACCAATTTCAAAACTCATTTTAGAACTCCTTAT
733,NC_041880,41944,41989,AAATATAAGATAGAGTCTAAAAGCAAAAGCGGCTGGCACAGGTTAT
734,NC_041880,41963,42032,AAAGCAAAAGCGGCTGGCACAGGTTATAGGAGAGCAGTGTGTTTTACAAATTTTCACAAGACCTGTGTAG
735,NC_041880,42515,42584,TCACATCCACAATCTTGTTGGCTATAACGAGGTTGCCGACAGAATCAAGGCGGTATCTATTGAACAAATG
736,NC_041880,43848,43893,AATCCTCGGTAACCTGCCAAAGTCAGATGGTCTTTGTTAGACTGTT
737,NC_041880,44598,44643,ATATCACAAGTAGTTGGTAATATCAATAGATAGTTGACTAAAAGGA
738,NC_041880,47160,47229,TCACGATGACATTTGTGACGCCATTAGTGACGCCATTGGTATCCTTGCTCAACGTCAAGCAATTCCAAGC
739,NC_041880,47831,47900,ATGGTTTCGATCAACGTGTGATTATTCCTGCGGATGACAGTATCGCAATCAATGCTGGTTGGGAATTGCT
740,NC_041880,54863,54932,AGACTACCTCATTTGGGATTGTAACTGGCCTGCTTTCGATGTATTCAGCAACATGGCCACACAGTGGCGT
741,NC_041880,55875,55944,ACGATCAATCGAAGTTTTGAACGAAGCTCGTCGTCTTGGTATTGTAACGCAAGATGAGTACGATGCTAAG
742,NC_041880,56016,56085,TTTGTCTAAACAAATGAACCAAGTTACTGGTCGATACGATGCAGTGACAAAAGCAATGAACAACCAGACA
743,NC_041880,59136,59205,GCACCTCCCCTTTTTATTTGGAGGAGATATGGCAACAAAGACATTTACATGGCGTGTTGAACGAAACCTT
744,NC_041880,59625,59694,ATTCCATAACTACAACGTAGATTACACTGAAGCTGAACTAAATGCAATGAAAAATGATCCAAGCATTCCA
745,NC_041880,61506,61575,ACAGATCCTGAAAACAAAGCATCTTATGCATTCGGCGGTCCTGTAAACACAACAGCACAAGGTCAACCAG
746,NC_041880,63978,64047,TCTGCAATTAAACTTGGTGACTTCTCCTATCCTCTGGATTACAATGAGATGCACGGTTTGAAAGCTGGTC
747,NC_041880,65423,65492,TGTAGGAACTGCTGAGACTAATATTACTACTCTCACCCAGACAGTTACAACAAACAACAACGCAACTAAC
748,NC_041880,68048,68117,AGCGGGTGACCATGTACCTTATGGTACAAGTGTTGTTGGTAACGTCACAACCTTCTGGTTCCATGGTGTT
749,NC_041880,69865,69934,AACCTTACATGCCATGGAACGTTGTAGGTACTGTATCGGGTACTTCCACAAACGTTACTGGTTCTGTTAT
750,NC_041880,70028,70097,CACAGGTGCTCTTGTTGGTGGATACGCATCGGCTGTTAGTACATTCGCTTTCCCTGCAACGTTCAGTGCT
751,NC_041880,74646,74715,ACCAGTGTCCATCTTTGTGAATACTACCACATGGATCACCTTTTGCAAACATCAAAATGTTACGATTACG
752,NC_041880,76507,76576,CATATCAAGCTGTTGGTTGTGACGTACGTTCGACACATGGAAGATGACCCAAGGGATGATCCAGAATCCA
753,NC_041880,76762,76831,GCATAGTCAGAACTTGTTTCAAATCAAATCCTCAATGTCAATCATGTGCTGGACTTGTTTAGTGATGCCT
754,NC_041880,80038,80107,CCTTGTGAATGTTTTTCACGATTTGATCCACTCCTTTAGTCGTTGTAAAAATGGTTTGTTTATGTTCTTA
755,NC_041880,80074,80119,TAGTCGTTGTAAAAATGGTTTGTTTATGTTCTTAGGAAGTAATGGT
756,NC_041880,80231,80300,CCATAAACTCAGTTGGTGGAAGGTCGTGTGGCCAACGGAGATACTCAGTATTGTTTCGACTCAACCACAC
757,NC_041880,82103,82148,TGCTGTTGTTTCGTTTGCCATGTCAAGGGTTGCTTGTAGTTCACGA
758,NC_041880,83919,83988,ATTGCAATATGCTTTGTTTGAGATGGGTTATGGGTGGGGTAATACTCGTAATCCTCGCATTTCAAACAAG
759,NC_041880,83937,84006,TGAGATGGGTTATGGGTGGGGTAATACTCGTAATCCTCGCATTTCAAACAAGTCTGATTGTGACACATTC
760,NC_041880,88154,88223,GGATATCATTTATGACTTGGAAACCTATCCAAACTGCTTTACAATGGCTGCATGCTTTGCAAACGGTAAA
761,NC_041880,88983,89052,ATGAACAAGACGATTGTTGAAACCAAAGGTGCTCTGAGTGATATTGAAGAACATGACTTGGGTGATGTGG
762,NC_041880,90776,90845,ACGAATGAGTATTTTCATGGACACCAAGTATGTTGATTGTACAATGACTGATGGCGACTTCATAAAAGTG
763,NC_041880,90791,90860,CATGGACACCAAGTATGTTGATTGTACAATGACTGATGGCGACTTCATAAAAGTGAACGCAACTAACCAA
764,NC_041880,92510,92579,AGTTCTATGAAAATTGGTGATAAGGTTCGTGTTGTAGGTTACTATAGCGTACACCAAGGTGGTATTACTG
765,NC_041880,94441,94510,AAAAATTAATCTGCAAGAGGAAAATATCACATGGCTAAGAAATTCACTTACAAAACCGACCGTCCTGCTC
766,NC_041880,98941,99010,GAACGAGGTGTTGTTGGTTTGAAGAACCAGACACAGCGAGATGATGCTATTCGCAAGATTATTAAGGAGA
767,NC_041880,103116,103161,GCAACTGAGAGGCTGGGTGCAATACCGCCAGCTAGTTCCGAACAAT
768,KF771239,493,540,GAATCAATAGTTGATAAACTTTGATATGTTGATATAATTACCCCATTC
769,KF771239,7270,7330,TGCCTAAACTTTATCACCCGCCATTGCGCGGTCTTAAAACTCGTGTATAATGTCAACGTAC
770,KF771239,10930,10977,ATCAAGCCCCTTCACAGGGGCTTTTTTTATGTTATAATTTCAACTCAA
771,KF771239,22069,22123,TACGCGAAGATACGCATTATTTACACTATAGAATCCTTATATAATAAGGGTTTAG
772,KF771239,30022,30069,GATGGCTGTTATTATATCGTCAATCGAACGAACATTAAAGGCATTTGA
773,KF771239,39669,39715,AAAAAGTGCTATTAAAGACCAACCAGACATTTGCCAACTACAACAGC
774,KF771239,39824,39872,GATGGAAACAAATATACCCGCCGAAGCGGGTACTGTCATTAGCAAAAAG
775,KF771237,493,540,GAATCAATAGTTGATAAACTTTGATATGTTGATATAATTACCCCATTC
776,KF771237,7270,7330,TGCCTAAACTTTATCACCCGCCATTGCGCGGTCTTAAAACTCGTGTATAATGTCAACGTAC
777,KF771237,10930,10978,ATCAAGCCCCTTCACAGGGGCTTTTTTTATGTTATAATTTCAACTCAAA
778,KF771237,15912,15967,GGGTAATGTTAACGCCTAAAGTTAAGATCGAAATATTTCGCCACGCCAACGAGGTT
779,KF771237,22631,22676,GATTTAGCCAATCTCACTCCTCAAATTTGAGGAGTGAAATTCAAAA
780,KF771237,30577,30624,CAATGAGACTGCGCAACAGGCATCAGATAAGGGGCGTAGCCAGTATAC
781,KF771237,34386,34443,TATTTTGACTACGCCGTACAGAAATCTCCAAATTCAAAGAATGCTGTACTAGTGCTAG
782,KF771237,40224,40270,GGTAACGCTTACCCTTACTGAAACTCTTCTTGAGTGGTGACTTGTGG
783,KF771237,40379,40427,GCTTTAAACAGATTGTTATCTGAGCTGATCCAGTTTTTAGTGATAGTGG
784,KF771237,42299,42345,TATTCACTTCCAAAGCTTAAGGCTTCCTATGTTTCAAATACAGCCAG
785,KF771236,493,540,GAATCAATAGTTGATAAACTTTGATATGTTGATATAATTACCCCATTC
786,KF771236,10930,10978,ATCAAGCCCCTTCACAGGGGCTTTTTTTTATGTTATAATTTCAACTCAA
787,KF771236,22438,22488,TATTATTATTATTATATATATTACTATGTATATCTTGTAACTACTCTCTAT
788,KF771236,30647,30694,GATGGCTGTTATTATATCGTCAATCGAACGAACATTAAAGGCATTTGA
789,KF771236,40001,40047,AAAAAGTGCCATTAAAGACCAACCAGACATTTGCCAACTACAACAGC
790,HQ163896,7509,7557,CTATACTAATAATATACCATAAATTATACTTAATGTCAAGTTAATTTAT
791,HQ163896,9257,9305,TGTTATTTAAATAATAACATATATTGATAATAATGTCAATACTTATATA
792,HQ163896,10067,10115,TTATATCTTTACTATACACTATTTTTTATATTTTGTCAACAAAAAAAGG
793,HQ163896,14409,14457,TTATACATTTATTATATTACAAGTATTTGTATTTGTCAACAACTTTCTA
794,HQ163896,15903,15951,AACTTCCTTTATTATATCATATTATGATACTATTGTCAATTAATCTGAG
795,HQ163896,18172,18220,TTATGTACTAATCATACCATAGTAAATAATATTTGTCAACAAAAAAAGA
796,HQ163896,21020,21068,TTATAGAATAATTATACCATAACTAAAGGGATTTGTCAACATATTATTT
797,HQ163896,24231,24279,TGTTAAACTAATTATAGCATAGTTAACTTATGAAGTCAACTATAATATA
798,HQ163896,25784,25832,CTATAATAAAACTATAGCATAAAAAACCACCTATGTCAATAGGTGGTTA
799,HQ163896,26960,27008,TACATATATAACTATACACTATGTATTTAATTTTGTCAACACTTTTTTG
800,HQ163896,31493,31541,TTATATATTAATTATAACATAATTTTTATTACTTGTCAAGTTAATTTCA
801,HQ163896,31669,31717,TGTTAATTATATTATAGCATATACTGATACCTTTGTCAAGTTAATTTAA
802,HQ163896,32918,32965,TAAATATATAATTATAATTAACAATGTTAGAAAGTCAACAATAGTATA
803,HQ163896,52087,52135,TCTTTTTTTATTGACACTTTAAAATTTATATGTTATTATAAATATAATA
804,HQ163896,52272,52320,CATAAAGGTCTTGACAATTATAATTAACTAAGGTATATTATTAGTATAA
805,HQ163896,53016,53064,AATAAAAGTATTGACAAATTAAAACTAATAAATTATAATAAAGGTATAA
806,HQ163896,58681,58729,TAATTTTGTATTGACACAAGAGTAGTATCATAATATACTACTCTTATAC
807,HQ163896,70898,70946,AATAAATAAGTTGACAGAAAGTTAATAATATGGTATACTTATAAAGTAA
808,HQ163896,83829,83877,AATATACCACTTGACATTTTATATGTTAGGTGGTATAATTATTTTATAA
809,HQ163896,95738,95786,TCTTTTTTTATTGACAAGGTTTAAAATATATGGTATAGTATTATTAAGT
810,HQ163896,100905,100953,AATAAAAGTATTGACAATATAGTTAACTTATGTTATACTATATAAGTAA
811,HQ163896,101728,101776,AAGAATATAATTGACAAATATAAAAAACTATGTTATAATAAATAAGTAA
812,HQ163896,114190,114238,AAGATTAGGGTTGACAGCTCCTATAGTTTATGATATAGTATATGTATAC
813,HQ163896,116544,116592,TGACAGCCTGTTGACAGCAGGTATTTTTTATAGTATACTTTAGATATAA
814,HQ163896,120098,120146,AAACTCCCTATTGACAAAGGGAGTTTTTTATTATATAGTAGGGCTATAG
815,HQ163896,121053,121101,TATCTACCTATTGACTTAGGTAGGTATCTATTATATAATAGTATACAAG
816,GU070616,13542,13588,AAGGCTAAGGTTGACAGTTTTGGTAGACTGTTATACTATGCTAATCC
817,GU070616,65634,65680,ACTCATTCATATTATCAGAGATGTATTTCTCTGTCAAGGGTTATTTT
818,GU070616,83796,83843,AAATTATTGCTTGACAATAAAGAAGGGGTCTGTATAATGGACCCCATC
819,GU070616,84101,84148,ATAAAAGTGTTTGACAAAAAGATTTAAATAGCTATACTGAACTGACTA
820,GU070616,115023,115071,TGTTTAAGACATCATATTTGATAATTGTGCGTTAGTCAATGGTTGACAA
821,GU070616,115055,115102,TAGTCAATGGTTGACAAAATATTTATTTCTGCCATAATGGGGAATAAA
822,GU070616,121429,121477,TTGTCTGGTAATTATTGATCAACGGATCGCCGTTGTCAAATGTTTTTAT
823,GU070616,122028,122075,CCTATGTAGAATCATAGCATAAGCGGCGCGGGTGTCAAGCGTTATTTT
824,GU070616,135688,135736,TGTGGGGTGAATTATCTGGCATTCATTCCGCGCTGTCAACACTTGATTT
825,KF771238,493,540,GAATCAATAGTTGATAAACTTTGATATGTTGATATAATTACCCCATTC
826,KF771238,7271,7331,TGCCTAAACTTTATCACCCGCCATTGCGCGGTCTTAAAACTCGTGTATAATGTCAACGTAC
827,KF771238,10931,10979,ATCAAGCCCCTTCACAGGGGCTTTTTTTTATGTTATAATTTCAACTCAA
828,KF771238,30648,30695,GATGGCTGTTATTATATCGTCAATCGAACGAACATTAAAGGCATTTGA
829,KF771238,40002,40048,AAAAAGTGCCATTAAAGACCAACCAGACATTTGCCAACTACAACAGC
830,KF771238,40157,40205,GATGGAAACAAATATACCCGCCGAAGCGGGTAGTGTCATTAGCAAAAAG
831,NC_019718,15159,15206,ATCAAGCCCCTTCACAGGGGCTTTTTTTATGTTATAATTTCAACTCAA
832,NC_019718,43465,43513,CCGAAGGGGCTTGACTATTTACTTGATACGAACTTCAATCATCTGACCT
833,NC_016765,41561,41609,CGTTGAGGTGAGTATGAGATTGCTCATATTCGTTGTCAATGAGTTTCCC
834,NC_015938,91,139,TGATGTAGTCACTATACAGCGTCTTTTCTGTAGTGTCAAACTTATTTTC
835,NC_015938,186,232,ACGTTGTCAGATTAACCAGGATTAAAACCCTTGTCAATCCATCCAGG
836,NC_015938,991,1039,ATTATGTGATGTTATATTGTATCACCATTCCCGTGTCACTGTATCAGTA
837,NC_015938,34618,34667,TTAAACTCACAGATTAGAACACCTTCCTTATTGTTGTCAATAACAACATC
838,NC_015938,61552,61600,AAGAATCTACATTATAAGAGGCTCCGAAGAACCTCTGAAATATAGACTA
839,KU574722,13363,13412,AAAAAATAGCTTGCATCACTCGTAATTATGAAGTATAATCTTTACATCA
840,KU574722,15757,15806,TAAAAAGGAGTTGACAACAGTTGGCTCCTTTGCTATACTACCCATAAGA
841,KU574722,17514,17562,AAAAATTCCCTTGCTTTCTTTCTTTCGTGTGGTATACTTTAGTTATTG
842,KU574722,39068,39117,GAATACTGACTTGACACGAGGCAGCAAGAGTGTTACAATACTTGCCTTA
843,KU574722,93491,93540,AAAAAATAGCTTGATTTTGAGCTACATAATTGATATAATTAAGGAAATC
844,KU574722,100665,100714,AACAAATTGCTTGACATGGCAGTGAGTATCATATATCATGCTCGAAATT
845,KU574722,106892,106941,AGAATAAACCTTGACAGTACGATAAAAAAGTGCTACATTAATAGGACAG
846,KU574722,262779,262828,CAAATTTACCTTGACAAAATCAACTCCATCCCTGATAATGATTACCTAG
847,KU574722,281077,281126,CAAAAATGACTTGGCAGGAGATTAATATTCCTGTACAATACGAAAAAGG
848,KU574722,296149,296198,ATAAAAATCCTTGACTTGCGTCGGTTGACCTGATAGAATGTATTTACTG
849,KU574722,319301,319350,ACAAAACACCTTGACAGTGGCATCCTCTCATGGCAAAATATACGCATGT
850,KU574722,323283,323332,CAGATTTTGCTTGACAAGACGGCATTTTTTGTTTATAATATATGGACAT
851,KU574722,326285,326334,CAAATACCAGTTGACTCAACGTGGGTTAACTGGTATACTTTTCAGTATA
852,KU574722,329123,329172,AAATTTGGCCTTGCAATCAGCGAACGCATGTGATATATTATTTTACATC
853,KU574722,336863,336912,AAGAAAATCCTTGACTTGCTTCAGCAAGGCGAGTACACTACTCGAATTG
854,KU574722,337750,337799,AAAAAATACATTGACGTGGCACATTTTTTGTGCCATAATATCGGTACTT
855,KU574722,345722,345771,TTATTTAGGCTTGACACGATGTTAAATCTTTGATATAATGTCAGTATTA
856,KU574722,349128,349177,GTAATTTGGCTTGACTTAGGCTTTCGAACTCCGTATAATAGCTCCATCA
857,KU574722,29528,29577,ATCACAAAAGTGAAACAGAATAATTTTTTATGGTATAATGTACGCACCT
858,KU574722,54886,54935,TGAAAAATCTTGAAACGTAAGGAATTTTTCTGCTATAATGTACACAACA
859,KU574722,108821,108870,CGTATAATTATGAAACAGCTTTAAAAATTATGGTATAGTATAGGTATCT
860,KU574722,127464,127513,CTAATTTTTATGAAACGTACCAAAATTTTATGGTATAATATAGTTAATT
861,KU574722,145847,145896,TATTTATTTTTGGAACGACCTAAAAAAATGTGCTATAATGTATAAGTGC
862,KU574722,168983,169032,ATTTATAATATGGAACGTTTTTTAAAATTGTGGTATAATAGAGAGGTAA
863,KU574722,184589,184638,CTATAATGTATGAAACGTATACATTTATTATGGTATAATCATGGAGACA
864,KU574722,187461,187510,TCGAAATAAATGAAACGAAAATAAAACGTATGATATAATGTAGGCATCC
865,KU574722,191472,191521,GTAAAAATTATGAAACGGGTACATTTTTTATGATATAATGTACCCGTAA
866,KU574722,195576,195625,ATGTCTTAAATGAAACTGCACATAAAAATGTGGTATAATCAAGGAAATT
867,KU574722,206151,206200,TGGCAAAATATGGAATGAGTTAAATTTTTGTGATATAATATAGACATAC
868,KU574722,211041,211090,CGTAGATAAATGGAATGCATTAAAAAAATGTGGTATAATATTTGAAGTA
869,KU574722,217515,217564,ACAAGATATTTGAAACAATAAAAAAACATGTGCTATAATATAGGAGTAC
870,KU574722,224004,224053,TAGAATAATATGAAACGCCAAAATAAAATATGGTATAATGTACTCGTTA
871,KU574722,226875,226924,AGCAAAAAACTGAAACAGCTTGGAATATTATGATATAATTACCAAAGAT
872,KU574722,236741,236790,GTTATTTTTTTGAAACAAAGAAACAAATTATGCTATAATGTATTGGCTA
873,KU574722,243471,243520,AACGAATTTTTGAAATGGTAAAAAAAATTATGGTATAATGTACCTATTA
874,KU574722,289720,289769,AGAAAAAACTTGAAACGGCGATAAAAACTGTGGTATAATAAAGGCATCG
875,KU574722,93096,93153,TTGCAACAATGTATGGATCAAGCAGGTGTTGACCTATTGAATGAATACCGCAAAGAA
876,KU574722,95211,95268,ATATCAGTCGTGACTACAATCCAAAGTTTATTTTCCACTGCTAAATACGGTATCTAA
877,KU574722,111873,111930,TACTTCACTCAGAACTGTACAAAGATTTAAAGATGAACCCCTAAATATGATATACAA
878,KU574722,113703,113760,GCTGATATATTAGTTTACATACATAAGATTTAATCCTCTAATAAATAACATTATACG
879,KU574722,116474,116531,TTTTTGTTTTCTACAAAGGTGTTCCAGAGTATAAAAGTTTATAAATACATTAAAGAT
880,KU574722,117247,117304,TATTACTAATGCCCTGGACTTGTCTAGGGCTTTTTTATTGCTAAATATAATATACAT
881,KU574722,120187,120244,GTCAAATCTCGAAATGAGCTACTAGCTTCTCTTAAACGAGATAAATAAAATAAAATA
882,KU574722,122753,122810,TATACTTCTTTCTGGACAGCAAAAGGAAGTTGCACAGATTCTAAATTCATTAAATAA
883,KU574722,140193,140250,ATTACAAATATTTATCCTCTAAATTTGCAATGACGGTACTATAAATAAGTAAAAGTT
884,KU574722,176157,176214,ACTTTGATAAAGGGTTCATCTTATTCATATCGACTCCATAATAAATACGACTATACT
885,KU574722,182015,182072,TCAATTTTTTAAGAATTTAAAAGCTTAATAAAATAATTTTATAAATATCTTTACATC
886,KU574722,185363,185420,TGCAGTATTAGACGATTTAGAAGAAGGATTGCTCTAAATCATAAATATTTCTATAAT
887,KU574722,199478,199535,TTTATCAACCACTATCTATATTGGTATCTTACAATCGCTAATAAATATATCTATACA
888,KU574722,209990,210047,TCACGAAAGGATAAGTTTTGTATTCATTCATAGGACTTCCATAAATATTGTATAAAA
889,KU574722,216455,216512,CAGCGTGTGCTAAACTTCTTGGAAGAAGAAGGATTCTTAGCTAAATAAGGATATAAA
890,KU574722,218777,218834,GAACAGCGTATTGCTGAAGTTAAAGCTCAGAGCGAAAGTACTAAATAATTCTATACT
891,KU574722,231589,231646,CCTGAAGACATTTAAATTTTTAAACTCCAAAGTTATAGAGATAAATACTCAAAATTA
892,KU574722,342982,343039,GGAACAACTATTGATGAATTGTTAATGATTTGTATGAATCATAAATAAATGAAAGGA
893,NC_023567,957,1006,ATAAAAAGAGTTGACACCGCGAAGGACATAAGCTAGATTGAATCCCGAA
894,NC_023567,1040,1089,AAATAAACGCTTGACAAGTTCCGATTCACTGAGTAACTTAGATAGCAAG
895,NC_023567,1176,1230,ACGTCAAGAGCTGAGACGACAAACGGCGGGTGCGCTTAGATGATTGTGCCCTGA
896,NC_023567,1794,1846,CGTTAATTACAGCCTATAGCATCCTATGGGGTGCTATGTGAAGTAATTACAT
897,NC_023567,2570,2622,TATAGTAGCAAGCCTATAGCGTCCGACTGGGCGCTATGTGAATGCAACTAGC
898,NC_025418,942,991,ATAAAAAGAGTTGACACCGCGAAGGACATAAGCTAGATTGAATCCCGAA
899,NC_025418,1011,1060,AAATAAACGCTTGACAAGTTCTGATTCACTGAGTAACTTAGATAGCAAG
900,NC_025418,1240,1290,GTGGGCCGTACTCACAGGTTAGCAGTCCTGAGCCGATAAGTGCAAAGGCA
901,NC_025418,1751,1803,TACTAATTACAGCCTATAGCATCCTATGGGGTGCTATGTGAAGTAATTACCT
902,NC_025418,2617,2669,TCTAGTAGCAAGCCTATAGCGTCCTACGGGGCGCTATGTGAATGCAACCGGC
903,NC_012418,2791,2838,CCCTGGCGGGCGACCCTCGCCTACTCCGGGGCCATCGCTGGACTCAT
904,NC_012418,6366,6413,CTCGTCTAAGCGACCGGGGCCTACTCCGGGGTCAAATCCGAGGGCGT
905,NC_012418,14307,14354,GAACGCCTGATGACCCTTCCCTACTCCGGCCTTAAATCTTCATCCGA
906,NC_012418,24639,24686,GGGTCTCTAACGACCCTGCCCTACTCCGGCCTTAAACCAACATCCAA
907,NC_004777,454,500,AAAAAGAGTATTGACTTTAAGTCTAACCTATAGGATACTTACAGCC
908,NC_004777,579,629,AAAACAGGTATTGACAACATGAAGTAACATGCAGTAAGATACACAGCGTC
909,NC_004777,684,733,AAACAAACGGTTGACAACATGAAGTAAACACGGTACGATGTACCACATG
910,NC_004777,1295,1350,GACAAGCAACTTGACGCAATGCTAATGGGCTGATAGTCTTATCTTACAGGTCATC
911,NC_004777,346,389,TCATTGTCTTTAATACGACTCACTATAGAGAGAGAGAGAGAGA
912,NC_004777,4048,4091,AACGTCAAATTAATACGACTCACTATAGAGGGACAAACTCAAG
913,NC_004777,4123,4166,TTCTTCCGGTTAATACGACTCACTATAGGAGAACCTTAAGGTT
914,NC_004777,4612,4655,GGACTGGAAGTAATACGACTCAGTATAGGGACAATGCTTAAGG
915,NC_004777,5756,5799,TTTCTGCGTTTAATACGACTCACTAAAGGAGGTACACATCATG
916,NC_004777,5873,5916,TGGTCACGCTTAATACGACTCACTAAAGGAGACACTATATGTT
917,NC_004777,7139,7182,AGCACCAAAGTAATACGACTCACTATTAGGGAAGACTCCCTTT
918,NC_004777,9245,9288,CGTGGATAATTAATTGAACTCACTAAAGGGAGACCACAACGGT
919,NC_004777,10736,10779,CCGACTGAGACAATCCGACTCACTAAAGAGAGAGATTATTGAG
920,NC_004777,11366,11409,TTGACGATTTCAATACGACTCACTAAAGGAGACACCCATGTTC
921,NC_004777,11939,11982,TTCATGAATACTATTCGACTCACTATAGGAGATATTACCATGC
922,NC_004777,16202,16245,GTCCCTAAATTAATACGACTCACTATAGGGAGATAGGGCCTTT
923,NC_004777,19461,19504,GCCGGGCATTTAATACGACTCACTATAGGGAGACCTCATCTTT
924,NC_004777,20491,20534,ACTTTGAAATTAATACGACTCACTATAGGGAGACCACAACGGT
925,NC_004777,24863,24906,GGCTAGAAATTAATACGACTCACTATAGGGAGAACAATACGAC
926,NC_004777,32155,32198,GCGTAAGAAATAATACGACTCACTATAGGGAGAGGCGAAATAA
927,NC_004777,36831,36874,CACGGAAAATTAATACGACTCAGTATAGGGAGAGGAGGGACGA
928,JN882285,11173,11221,TAAAAGTACTTTGACAAAATGGTTAGAGTACTTTATAATGTAGTTATAT
929,JN882285,11565,11613,TAAAAGTACTTTGACAAAATGGTTAGAGTACTTTATAATGTAGTTATTG
930,JN882285,17526,17574,ATAAAAGGAGTTGACAGCGGTTGACTCCTTTAGTATAATCATCCCATTC
931,JN882285,102403,102451,AACAAAAACCTTGACATAGTAGCAATGAGCCGGTATAATCGGCTCATAT
932,JN882285,300487,300535,CGGGTAACGCTTGACAACTGCCAAACACCCCGCTATAATAGCTGGGTGA
933,KM067278,895,943,GGCGAGGGTATTGACACGTGGGTAGTAGGTCTGTAGAGTTCGCCCTGTC
934,KM067278,975,1023,GGGACAGGGGTTGACACCCTGCCAGGGCATCGGTAGAGTGCGCAGCCAG
935,KM067278,1129,1177,ACTGAGGGGATTGACACGGTGCAGGACACGCGGTACAGTTCGCACCACT
936,KM067278,1230,1278,CGACAGAGGATTGACAAGACAAGCGCAAGTCTCTAACATGCGCAGCAAG
937,KM067278,6680,6730,CCTGCTCGTCTAAGCGACCAGGGCCTACTCCGGGGTCAAATCCGAGGGCGT
938,KM067278,14594,14643,CTCGAACGCCTGACGACCATTCCCTACTCCGGCCTTAAATCTTCCTTCGA
939,NC_004664,27063,27100,CCAGCGCGCCCAAGTCACCGACTCCCTTCTAGGCAGTC
940,NC_004664,28161,28198,CGACGCGTAGCAAGTCACCGACTCCCTTCCTGGCAGAC
941,NC_004664,22603,22640,CGTTCGGCGGCAAGTCACCGACTCCCTTACCGACATGT
942,NC_004664,17687,17724,TCCTGGGCGCCTAGTCACCGACTCCCTTCCTGGCAAGC
943,NC_004664,22248,22285,GTGAGCCGGTCGAGTAACCGACTCCCTTCAGGACGCAC
944,NC_004664,24524,24561,CCCCTGCCGTCGAGTAACCGACTCCCTTACGGGCTCAC
945,NC_004664,12323,12360,CGCCGTGGAACACGTAACCGACTCCCTTCGTATAGGTA
946,NC_004664,31757,31794,GGTTCCGCCCCGGGTCACCGACTCCCTTACTGGCCAAC
947,NC_004664,36525,36562,GTTCTGACGTCGGGTCACCGACTCCCTTACTCGCCTTC
948,NC_004664,40838,40875,CATCTGAAACCGGGTCACCGACTCCCTTCATATAGGTA
949,NC_004664,20583,20620,CTGCCGCTGAACGGTCACCGACTCCCTTCAGGACACGT
950,NC_004664,30509,30546,TCCCGCGCCCTAGGTCACCGACTCCCTTACCCGGAATC
951,NC_018853,29365,29404,AGTCGGCGACACGGGGCGGCACCACGTCGAGCACCGCCCC
952,NC_018853,34933,34972,CCGACTAGGTCGTGTCGCCGACTCCCTTACTGATCTTCGG
953,NC_018853,21430,21469,CCTGGCCGGTCGTGTCGCCGACTCCCTTGACCACAAGTGA
954,NC_018853,39414,39453,TAGCTGACGCCGTGTCGCCGACTACCTTCATATAGGTATA
955,NC_018853,23261,23300,GGCAAGCCGTCGAGTCGCCGACTCCCTTCAAGGGAGGTGA
956,NC_018853,16778,16817,TCTAGGTATCTAGGTCGCCGACTCCCTTCATGGAATGCGT
957,NC_018853,28116,28155,ACTCCCCTGCCAGGTCGCCGACTCCCTTCAGCGCAAACGA
958,NC_018853,20169,20208,TGCCGGTCACCATGCCGCCGACTCCCTTCAACTCAAGTAG
959,NC_018853,25792,25831,TGCCTGCCCCCATGTCGCCGACTCCCTTCATGGGGAGTGA
960,NC_018853,12292,12331,GGAACACGTAAGGGTCGCCGACTCCCTTCGTATAGGTAGG
961,NC_018853,9527,9566,GCCGACGACCTTCGCGGCGTTCAGCACAGCGGCGGCACCG
962,NC_018853,21064,21103,ACGCGCCCGCTGAGTCGCCGACGTCCTTCAGCACCAGTGA
963,NC_014229,28236,28273,TGACGGGGGTCCGGCCTTCGCCCTGTCCAAACACGGAG
964,NC_014229,30323,30360,CTTCATGCCCCCTGGCTTCGCCATGCCCGGGGGCCTCC
